PNR,P_id,Class,Seat,F_no,Price
7100,2602,First Class,289,EK-9,70000
7101,2362,Business,250,EK-5,50000
7102,2045,First Class,128,EK-9,70000
7103,2723,Economic,172,EK-2,10000
7104,2483,First Class,341,EK-3,70000
7105,2822,Business,216,EK-2,50000
7106,2038,First Class,214,EK-9,70000
7107,2792,First Class,394,EK-10,70000
7108,2518,First Class,249,EK-7,70000
7109,2687,First Class,267,EK-6,70000
7110,2202,Business,377,EK-6,50000
7111,2832,Business,102,EK-5,50000
7112,2125,First Class,392,EK-6,70000
7113,2638,Economic,99,EK-6,10000
7114,2163,Economic,341,EK-7,10000
7115,2680,First Class,272,EK-10,70000
7116,2318,Business,113,EK-2,50000
7117,2962,First Class,237,EK-2,70000
7118,2800,First Class,233,EK-6,70000
7119,2276,Business,343,EK-2,50000
7120,2625,Economic,312,EK-6,10000
7121,2461,First Class,330,EK-8,70000
7122,2198,Business,21,EK-7,50000
7123,2873,Economic,63,EK-8,10000
7124,2149,Business,12,EK-8,50000
7125,2105,First Class,137,EK-6,70000
7126,2668,First Class,399,EK-7,70000
7127,2271,First Class,88,EK-2,70000
7128,2959,Business,52,EK-7,50000
7129,2363,First Class,234,EK-6,70000
7130,2725,First Class,70,EK-2,70000
7131,2463,First Class,311,EK-5,70000
7132,2844,First Class,221,EK-3,70000
7133,2574,Business,250,EK-4,50000
7134,2763,Economic,386,EK-10,10000
7135,2025,First Class,113,EK-4,70000
7136,2449,First Class,142,EK-8,70000
7137,2528,Business,329,EK-7,50000
7138,2912,First Class,55,EK-6,70000
7139,2633,First Class,227,EK-2,70000
7140,2461,Business,394,EK-4,50000
7141,2236,First Class,193,EK-9,70000
7142,2807,Business,85,EK-5,50000
7143,2970,First Class,373,EK-9,70000
7144,2808,Economic,66,EK-2,10000
7145,2177,Economic,323,EK-3,10000
7146,2122,First Class,331,EK-3,70000
7147,2401,Economic,131,EK-7,10000
7148,2903,Economic,133,EK-6,10000
7149,2153,Business,319,EK-6,50000
7150,2240,Business,385,EK-9,50000
7151,2240,Economic,305,EK-3,10000
7152,2590,First Class,108,EK-9,70000
7153,2738,Economic,109,EK-6,10000
7154,2485,Economic,388,EK-5,10000
7155,2407,Business,284,EK-5,50000
7156,2348,Business,258,EK-9,50000
7157,2112,Economic,241,EK-7,10000
7158,2871,Business,362,EK-4,50000
7159,2091,Business,391,EK-2,50000
7160,2895,Business,271,EK-5,50000
7161,2007,First Class,20,EK-3,70000
7162,2474,Economic,225,EK-7,10000
7163,2778,Economic,225,EK-5,10000
7164,2109,Economic,202,EK-7,10000
7165,2735,First Class,108,EK-8,70000
7166,2639,Business,13,EK-5,50000
7167,2389,Business,212,EK-9,50000
7168,2367,Economic,247,EK-6,10000
7169,2517,Economic,46,EK-10,10000
7170,2599,Business,247,EK-5,50000
7171,2141,Economic,379,EK-3,10000
7172,2175,Economic,347,EK-9,10000
7173,2484,Economic,63,EK-5,10000
7174,2525,Business,389,EK-2,50000
7175,2122,Business,289,EK-2,50000
7176,2536,Economic,289,EK-5,10000
7177,2087,First Class,22,EK-6,70000
7178,2983,Business,282,EK-1,50000
7179,2769,Economic,256,EK-7,10000
7180,2186,First Class,283,EK-6,70000
7181,2008,First Class,382,EK-2,70000
7182,2828,First Class,40,EK-7,70000
7183,2646,Business,285,EK-2,50000
7184,2076,First Class,66,EK-10,70000
7185,2220,Business,61,EK-9,50000
7186,2106,Economic,313,EK-6,10000
7187,2719,Business,81,EK-4,50000
7188,2555,Business,297,EK-3,50000
7189,2659,Business,368,EK-1,50000
7190,2972,First Class,35,EK-7,70000
7191,2163,Economic,256,EK-6,10000
7192,2628,Economic,325,EK-5,10000
7193,2832,First Class,37,EK-4,70000
7194,2932,Economic,374,EK-1,10000
7195,2881,Business,198,EK-9,50000
7196,2807,First Class,283,EK-7,70000
7197,2795,Economic,267,EK-2,10000
7198,2073,Business,334,EK-9,50000
7199,2108,Economic,171,EK-7,10000
7200,2049,Business,318,EK-10,50000
7201,2580,Business,309,EK-10,50000
7202,2921,Business,1,EK-8,50000
7203,2919,Business,383,EK-10,50000
7204,2744,Business,212,EK-2,50000
7205,2638,First Class,194,EK-7,70000
7206,2191,Business,69,EK-10,50000
7207,2014,Economic,355,EK-9,10000
7208,2023,Business,28,EK-2,50000
7209,2890,Economic,165,EK-8,10000
7210,2975,Business,373,EK-2,50000
7211,2188,Economic,125,EK-9,10000
7212,2042,First Class,330,EK-5,70000
7213,2507,First Class,106,EK-9,70000
7214,2514,First Class,384,EK-8,70000
7215,2123,Business,262,EK-3,50000
7216,2643,Economic,187,EK-2,10000
7217,2892,First Class,69,EK-10,70000
7218,2960,Business,172,EK-9,50000
7219,2559,Economic,330,EK-9,10000
7220,2745,Business,215,EK-1,50000
7221,2820,Business,8,EK-9,50000
7222,2022,Economic,241,EK-3,10000
7223,2536,Economic,299,EK-7,10000
7224,2168,First Class,3,EK-1,70000
7225,2067,Economic,267,EK-4,10000
7226,2019,Business,66,EK-3,50000
7227,2281,Economic,96,EK-1,10000
7228,2469,First Class,120,EK-2,70000
7229,2420,Economic,241,EK-9,10000
7230,2720,Economic,35,EK-4,10000
7231,2219,Economic,133,EK-9,10000
7232,2167,First Class,341,EK-8,70000
7233,2310,Business,325,EK-3,50000
7234,2801,Business,304,EK-8,50000
7235,2724,Economic,363,EK-1,10000
7236,2241,Economic,167,EK-9,10000
7237,2637,Economic,214,EK-4,10000
7238,2302,First Class,148,EK-5,70000
7239,2450,Economic,399,EK-9,10000
7240,2361,Business,246,EK-6,50000
7241,2461,First Class,220,EK-8,70000
7242,2833,Business,336,EK-4,50000
7243,2440,First Class,361,EK-9,70000
7244,2830,Business,2,EK-4,50000
7245,2877,Economic,286,EK-2,10000
7246,2937,First Class,241,EK-5,70000
7247,2718,Business,123,EK-1,50000
7248,2015,Economic,352,EK-8,10000
7249,2067,First Class,274,EK-6,70000
7250,2800,First Class,358,EK-7,70000
7251,2479,Business,333,EK-1,50000
7252,2148,Economic,380,EK-6,10000
7253,2275,Economic,123,EK-9,10000
7254,2501,Economic,130,EK-1,10000
7255,2511,Economic,99,EK-2,10000
7256,2238,Business,319,EK-7,50000
7257,2916,Business,366,EK-9,50000
7258,2663,First Class,26,EK-4,70000
7259,2309,First Class,102,EK-5,70000
7260,2609,First Class,297,EK-3,70000
7261,2650,First Class,71,EK-5,70000
7262,2246,Economic,248,EK-1,10000
7263,2301,First Class,385,EK-6,70000
7264,2564,Business,33,EK-9,50000
7265,2745,Business,339,EK-1,50000
7266,2893,Economic,148,EK-7,10000
7267,2220,First Class,89,EK-8,70000
7268,2554,Business,261,EK-10,50000
7269,2494,First Class,199,EK-4,70000
7270,2753,Economic,325,EK-7,10000
7271,2051,Economic,353,EK-10,10000
7272,2469,Business,121,EK-3,50000
7273,2850,First Class,118,EK-6,70000
7274,2018,First Class,142,EK-2,70000
7275,2235,Economic,235,EK-5,10000
7276,2289,Business,194,EK-8,50000
7277,2512,First Class,92,EK-2,70000
7278,2470,Business,216,EK-4,50000
7279,2948,Business,370,EK-3,50000
7280,2435,Economic,125,EK-7,10000
7281,2300,Economic,142,EK-8,10000
7282,2840,First Class,321,EK-4,70000
7283,2769,First Class,241,EK-10,70000
7284,2125,Business,280,EK-4,50000
7285,2840,Business,339,EK-6,50000
7286,2763,Economic,299,EK-2,10000
7287,2298,First Class,89,EK-10,70000
7288,2231,Economic,208,EK-4,10000
7289,2195,Economic,90,EK-6,10000
7290,2400,First Class,281,EK-3,70000
7291,2678,First Class,88,EK-3,70000
7292,2446,First Class,376,EK-6,70000
7293,2139,Business,29,EK-6,50000
7294,2095,First Class,44,EK-9,70000
7295,2502,First Class,45,EK-9,70000
7296,2312,Economic,321,EK-8,10000
7297,2815,First Class,37,EK-2,70000
7298,2186,Business,73,EK-7,50000
7299,2329,Economic,167,EK-4,10000
7300,2042,Business,322,EK-3,50000
7301,2501,Business,50,EK-10,50000
7302,2794,Economic,198,EK-4,10000
7303,2424,Business,33,EK-3,50000
7304,2843,Business,80,EK-5,50000
7305,2434,Business,251,EK-2,50000
7306,2828,First Class,341,EK-9,70000
7307,2338,First Class,271,EK-3,70000
7308,2824,First Class,324,EK-8,70000
7309,2631,First Class,337,EK-6,70000
7310,2247,Business,200,EK-1,50000
7311,2432,Business,204,EK-6,50000
7312,2980,Business,224,EK-3,50000
7313,2268,Economic,132,EK-6,10000
7314,2595,Economic,204,EK-4,10000
7315,2025,Business,126,EK-8,50000
7316,2761,First Class,149,EK-8,70000
7317,2485,Economic,301,EK-6,10000
7318,2017,First Class,73,EK-6,70000
7319,2960,Business,184,EK-7,50000
7320,2809,First Class,50,EK-10,70000
7321,2888,Business,113,EK-1,50000
7322,2785,Economic,203,EK-10,10000
7323,2399,First Class,10,EK-9,70000
7324,2614,Business,3,EK-8,50000
7325,2852,First Class,231,EK-6,70000
7326,2566,Economic,28,EK-8,10000
7327,2296,Economic,223,EK-6,10000
7328,2642,Economic,281,EK-2,10000
7329,2096,Economic,368,EK-5,10000
7330,2510,Economic,357,EK-6,10000
7331,2172,Economic,266,EK-4,10000
7332,2462,First Class,342,EK-8,70000
7333,2880,Business,236,EK-8,50000
7334,2605,Business,67,EK-1,50000
7335,2157,Economic,315,EK-8,10000
7336,2208,Economic,101,EK-10,10000
7337,2825,Business,166,EK-9,50000
7338,2230,Economic,278,EK-5,10000
7339,2572,First Class,103,EK-9,70000
7340,2091,Business,59,EK-7,50000
7341,2810,Business,26,EK-7,50000
7342,2981,First Class,207,EK-6,70000
7343,2460,Business,371,EK-7,50000
7344,2564,Economic,271,EK-2,10000
7345,2482,Economic,282,EK-1,10000
7346,2487,Economic,56,EK-6,10000
7347,2945,Economic,137,EK-6,10000
7348,2172,First Class,94,EK-1,70000
7349,2139,Economic,262,EK-10,10000
7350,2154,Economic,338,EK-6,10000
7351,2096,Business,212,EK-7,50000
7352,2327,Economic,140,EK-9,10000
7353,2306,First Class,54,EK-9,70000
7354,2141,Business,78,EK-1,50000
7355,2939,Economic,138,EK-7,10000
7356,2583,First Class,244,EK-7,70000
7357,2802,Economic,90,EK-3,10000
7358,2171,Economic,16,EK-2,10000
7359,2428,Economic,191,EK-8,10000
7360,2310,First Class,200,EK-3,70000
7361,2905,Economic,94,EK-8,10000
7362,2082,Business,386,EK-2,50000
7363,2749,Business,355,EK-4,50000
7364,2694,Economic,15,EK-3,10000
7365,2154,Economic,377,EK-6,10000
7366,2428,First Class,127,EK-4,70000
7367,2023,First Class,105,EK-7,70000
7368,2480,Business,30,EK-9,50000
7369,2232,Business,392,EK-5,50000
7370,2294,Economic,89,EK-10,10000
7371,2383,Economic,363,EK-7,10000
7372,2345,First Class,284,EK-2,70000
7373,2234,Economic,93,EK-7,10000
7374,2891,Business,392,EK-5,50000
7375,2847,Economic,105,EK-9,10000
7376,2731,Business,159,EK-1,50000
7377,2714,First Class,162,EK-5,70000
7378,2662,Business,326,EK-7,50000
7379,2964,Business,154,EK-10,50000
7380,2009,Business,304,EK-9,50000
7381,2888,First Class,32,EK-7,70000
7382,2139,First Class,193,EK-1,70000
7383,2854,Economic,240,EK-10,10000
7384,2245,First Class,355,EK-10,70000
7385,2931,First Class,30,EK-7,70000
7386,2897,Economic,234,EK-3,10000
7387,2167,Business,257,EK-1,50000
7388,2893,First Class,136,EK-1,70000
7389,2094,Business,87,EK-2,50000
7390,2083,Business,48,EK-10,50000
7391,2310,Business,198,EK-2,50000
7392,2171,Business,44,EK-4,50000
7393,2076,Business,257,EK-2,50000
7394,2959,First Class,171,EK-7,70000
7395,2385,Business,337,EK-3,50000
7396,2163,Economic,301,EK-1,10000
7397,2129,Business,229,EK-3,50000
7398,2711,Economic,86,EK-3,10000
7399,2636,Economic,332,EK-4,10000
7400,2324,Economic,160,EK-9,10000
7401,2585,First Class,330,EK-7,70000
7402,2097,Business,44,EK-2,50000
7403,2275,Economic,305,EK-5,10000
7404,2463,First Class,216,EK-7,70000
7405,2799,Economic,108,EK-7,10000
7406,2555,Economic,190,EK-9,10000
7407,2198,Economic,123,EK-4,10000
7408,2649,Business,143,EK-10,50000
7409,2146,First Class,84,EK-9,70000
7410,2374,Economic,198,EK-6,10000
7411,2379,Economic,363,EK-3,10000
7412,2913,Business,75,EK-8,50000
7413,2258,Economic,19,EK-8,10000
7414,2969,Business,225,EK-2,50000
7415,2272,Business,114,EK-7,50000
7416,2421,First Class,399,EK-4,70000
7417,2577,First Class,400,EK-1,70000
7418,2645,First Class,268,EK-4,70000
7419,2374,First Class,56,EK-8,70000
7420,2961,Economic,243,EK-6,10000
7421,2149,Business,45,EK-8,50000
7422,2174,Business,86,EK-7,50000
7423,2750,First Class,155,EK-6,70000
7424,2450,Economic,317,EK-6,10000
7425,2298,Business,367,EK-2,50000
7426,2700,Business,103,EK-3,50000
7427,2529,Economic,187,EK-5,10000
7428,2250,First Class,148,EK-1,70000
7429,2104,Business,146,EK-9,50000
7430,2186,First Class,150,EK-2,70000
7431,2807,First Class,155,EK-9,70000
7432,2773,Business,259,EK-9,50000
7433,2322,First Class,325,EK-3,70000
7434,2714,Economic,68,EK-8,10000
7435,2773,Business,256,EK-1,50000
7436,2735,First Class,135,EK-2,70000
7437,2661,First Class,227,EK-4,70000
7438,2227,Economic,260,EK-4,10000
7439,2828,Economic,64,EK-4,10000
7440,2247,Business,150,EK-1,50000
7441,2406,Economic,198,EK-7,10000
7442,2666,Business,331,EK-10,50000
7443,2639,Economic,307,EK-9,10000
7444,2048,Economic,69,EK-6,10000
7445,2029,First Class,384,EK-10,70000
7446,2752,Economic,350,EK-3,10000
7447,2495,Business,136,EK-7,50000
7448,2572,Economic,195,EK-5,10000
7449,2633,Business,104,EK-2,50000
7450,2990,First Class,14,EK-4,70000
7451,2662,First Class,301,EK-3,70000
7452,2046,First Class,223,EK-2,70000
7453,2416,Economic,309,EK-1,10000
7454,2444,Business,33,EK-2,50000
7455,2787,First Class,320,EK-5,70000
7456,2755,First Class,382,EK-4,70000
7457,2723,First Class,343,EK-10,70000
7458,2283,First Class,24,EK-4,70000
7459,2937,Business,217,EK-8,50000
7460,2722,Business,343,EK-5,50000
7461,2276,First Class,2,EK-7,70000
7462,2145,Business,354,EK-2,50000
7463,2175,Business,191,EK-6,50000
7464,2993,Economic,163,EK-3,10000
7465,2911,Economic,251,EK-9,10000
7466,2426,Economic,207,EK-9,10000
7467,2282,Economic,356,EK-3,10000
7468,2365,Economic,187,EK-7,10000
7469,2472,First Class,215,EK-5,70000
7470,2045,First Class,184,EK-5,70000
7471,2327,Business,329,EK-6,50000
7472,2477,First Class,310,EK-3,70000
7473,2269,First Class,199,EK-2,70000
7474,2437,Economic,198,EK-1,10000
7475,2993,Economic,73,EK-10,10000
7476,2042,First Class,61,EK-1,70000
7477,2191,First Class,283,EK-2,70000
7478,2892,First Class,202,EK-2,70000
7479,2629,First Class,391,EK-2,70000
7480,2026,Economic,77,EK-3,10000
7481,2504,First Class,218,EK-10,70000
7482,2392,First Class,176,EK-9,70000
7483,2484,First Class,184,EK-8,70000
7484,2473,Business,185,EK-5,50000
7485,2269,First Class,377,EK-7,70000
7486,2097,Economic,288,EK-3,10000
7487,2863,First Class,163,EK-5,70000
7488,2072,First Class,339,EK-1,70000
7489,2206,First Class,27,EK-8,70000
7490,2323,Business,244,EK-3,50000
7491,2273,First Class,174,EK-3,70000
7492,2307,Business,214,EK-7,50000
7493,2777,Business,112,EK-4,50000
7494,2544,First Class,39,EK-9,70000
7495,2401,First Class,46,EK-2,70000
7496,2509,Business,143,EK-6,50000
7497,2413,First Class,122,EK-5,70000
7498,2319,First Class,322,EK-3,70000
7499,2792,Business,204,EK-8,50000
7500,2409,Business,154,EK-9,50000
7501,2946,Business,164,EK-6,50000
7502,2284,Economic,4,EK-10,10000
7503,2122,First Class,270,EK-9,70000
7504,2871,Business,78,EK-4,50000
7505,2943,First Class,28,EK-1,70000
7506,2718,Business,79,EK-9,50000
7507,2842,Economic,227,EK-1,10000
7508,2938,Economic,345,EK-8,10000
7509,2707,First Class,324,EK-8,70000
7510,2118,First Class,15,EK-2,70000
7511,2665,Business,136,EK-6,50000
7512,2041,Economic,314,EK-4,10000
7513,2904,First Class,13,EK-9,70000
7514,2829,Economic,123,EK-3,10000
7515,2392,Business,60,EK-5,50000
7516,2200,Business,101,EK-10,50000
7517,2325,First Class,309,EK-8,70000
7518,2619,First Class,90,EK-9,70000
7519,2005,Business,166,EK-8,50000
7520,2923,Business,120,EK-3,50000
7521,2142,Economic,14,EK-3,10000
7522,2713,Economic,10,EK-5,10000
7523,2456,Economic,247,EK-3,10000
7524,2969,First Class,345,EK-5,70000
7525,2667,Business,24,EK-9,50000
7526,2026,Economic,375,EK-3,10000
7527,2452,Business,210,EK-10,50000
7528,2435,Business,132,EK-3,50000
7529,2511,Business,131,EK-6,50000
7530,2212,Economic,161,EK-9,10000
7531,2831,Business,335,EK-4,50000
7532,2875,First Class,161,EK-10,70000
7533,2590,Economic,80,EK-8,10000
7534,2979,First Class,378,EK-5,70000
7535,2562,First Class,211,EK-6,70000
7536,2193,First Class,170,EK-6,70000
7537,2677,Business,146,EK-3,50000
7538,2533,Business,184,EK-2,50000
7539,2551,First Class,240,EK-5,70000
7540,2480,Business,29,EK-9,50000
7541,2635,First Class,281,EK-1,70000
7542,2649,First Class,29,EK-5,70000
7543,2342,Business,330,EK-7,50000
7544,2466,Economic,320,EK-8,10000
7545,2869,Business,400,EK-7,50000
7546,2836,First Class,376,EK-2,70000
7547,2869,Business,388,EK-4,50000
7548,2331,Economic,396,EK-5,10000
7549,2240,Business,19,EK-9,50000
7550,2207,Economic,338,EK-1,10000
7551,2917,First Class,385,EK-7,70000
7552,2494,First Class,185,EK-5,70000
7553,2398,Business,306,EK-4,50000
7554,2648,Economic,347,EK-3,10000
7555,2585,Economic,325,EK-6,10000
7556,2295,First Class,218,EK-5,70000
7557,2987,Business,344,EK-5,50000
7558,2269,Economic,20,EK-5,10000
7559,2126,First Class,174,EK-7,70000
7560,2990,Business,187,EK-1,50000
7561,2973,Economic,25,EK-6,10000
7562,2891,Business,314,EK-4,50000
7563,2975,First Class,398,EK-10,70000
7564,2219,First Class,18,EK-10,70000
7565,2511,Economic,253,EK-9,10000
7566,2790,First Class,75,EK-9,70000
7567,2669,First Class,237,EK-9,70000
7568,2561,First Class,321,EK-9,70000
7569,2726,Economic,299,EK-1,10000
7570,2225,Business,324,EK-8,50000
7571,2663,First Class,320,EK-6,70000
7572,2835,Economic,278,EK-9,10000
7573,2467,Business,346,EK-4,50000
7574,2347,Business,272,EK-5,50000
7575,2484,Business,92,EK-6,50000
7576,2596,First Class,137,EK-7,70000
7577,2473,Economic,259,EK-5,10000
7578,2754,Economic,89,EK-3,10000
7579,2128,Business,227,EK-9,50000
7580,2507,Economic,167,EK-3,10000
7581,2607,Economic,386,EK-8,10000
7582,2729,First Class,375,EK-7,70000
7583,2344,First Class,371,EK-6,70000
7584,2423,Business,20,EK-7,50000
7585,2749,First Class,74,EK-9,70000
7586,2024,Economic,88,EK-6,10000
7587,2808,Business,309,EK-10,50000
7588,2179,Economic,173,EK-5,10000
7589,2054,Economic,386,EK-1,10000
7590,2274,First Class,9,EK-2,70000
7591,2152,Business,236,EK-10,50000
7592,2875,Business,294,EK-7,50000
7593,2652,Economic,273,EK-5,10000
7594,2458,First Class,266,EK-3,70000
7595,2083,Business,59,EK-1,50000
7596,2907,First Class,118,EK-8,70000
7597,2196,Economic,47,EK-2,10000
7598,2889,Business,313,EK-6,50000
7599,2640,Business,315,EK-2,50000
7600,2673,Economic,165,EK-6,10000
7601,2459,Business,316,EK-3,50000
7602,2056,Business,117,EK-7,50000
7603,2524,First Class,78,EK-7,70000
7604,2819,First Class,341,EK-2,70000
7605,2567,Business,220,EK-2,50000
7606,2061,First Class,290,EK-8,70000
7607,2869,First Class,400,EK-4,70000
7608,2921,Business,59,EK-7,50000
7609,2650,Business,192,EK-7,50000
7610,2918,Economic,298,EK-10,10000
7611,2039,First Class,111,EK-2,70000
7612,2549,Business,227,EK-6,50000
7613,2821,Business,197,EK-7,50000
7614,2267,Business,203,EK-4,50000
7615,2644,Business,381,EK-7,50000
7616,2899,Economic,331,EK-5,10000
7617,2343,Economic,155,EK-8,10000
7618,2936,First Class,176,EK-10,70000
7619,2508,First Class,195,EK-1,70000
7620,2253,Economic,309,EK-7,10000
7621,2362,Business,135,EK-5,50000
7622,2442,First Class,281,EK-4,70000
7623,2212,First Class,392,EK-2,70000
7624,2330,First Class,345,EK-2,70000
7625,2497,Economic,338,EK-2,10000
7626,2320,First Class,90,EK-5,70000
7627,2718,First Class,272,EK-7,70000
7628,2300,Business,346,EK-3,50000
7629,2796,Economic,355,EK-2,10000
7630,2224,First Class,100,EK-7,70000
7631,2889,First Class,140,EK-8,70000
7632,2167,Business,49,EK-10,50000
7633,2881,Business,362,EK-8,50000
7634,2897,First Class,19,EK-9,70000
7635,2422,First Class,190,EK-3,70000
7636,2403,Business,350,EK-1,50000
7637,2682,Economic,74,EK-4,10000
7638,2472,Economic,321,EK-7,10000
7639,2183,Business,231,EK-3,50000
7640,2888,Business,391,EK-4,50000
7641,2640,First Class,373,EK-9,70000
7642,2330,Business,393,EK-7,50000
7643,2110,First Class,359,EK-5,70000
7644,2300,First Class,242,EK-4,70000
7645,2855,Economic,93,EK-3,10000
7646,2462,Economic,315,EK-1,10000
7647,2540,First Class,154,EK-5,70000
7648,2275,Business,361,EK-2,50000
7649,2126,First Class,6,EK-6,70000
7650,2706,Economic,124,EK-4,10000
7651,2699,First Class,189,EK-5,70000
7652,2449,Business,137,EK-5,50000
7653,2527,Business,359,EK-1,50000
7654,2754,Business,358,EK-2,50000
7655,2606,First Class,29,EK-5,70000
7656,2960,Economic,157,EK-3,10000
7657,2011,Economic,121,EK-4,10000
7658,2892,Economic,201,EK-10,10000
7659,2327,Business,171,EK-3,50000
7660,2755,Economic,366,EK-5,10000
7661,2992,Economic,225,EK-5,10000
7662,2712,First Class,312,EK-2,70000
7663,2371,Economic,252,EK-1,10000
7664,2678,Business,190,EK-5,50000
7665,2084,Economic,5,EK-6,10000
7666,2648,Economic,347,EK-7,10000
7667,2072,First Class,115,EK-4,70000
7668,2695,First Class,92,EK-8,70000
7669,2635,Business,104,EK-6,50000
7670,2624,Economic,223,EK-4,10000
7671,2598,Economic,275,EK-1,10000
7672,2630,First Class,307,EK-3,70000
7673,2166,First Class,132,EK-3,70000
7674,2613,Economic,308,EK-6,10000
7675,2775,Economic,384,EK-2,10000
7676,2034,Economic,249,EK-1,10000
7677,2135,Economic,339,EK-6,10000
7678,2185,Economic,208,EK-8,10000
7679,2408,Business,47,EK-1,50000
7680,2181,Economic,117,EK-4,10000
7681,2375,Economic,227,EK-5,10000
7682,2836,Business,173,EK-8,50000
7683,2153,Economic,24,EK-8,10000
7684,2893,Business,323,EK-3,50000
7685,2342,First Class,77,EK-10,70000
7686,2378,Economic,215,EK-5,10000
7687,2903,First Class,39,EK-8,70000
7688,2032,Economic,351,EK-4,10000
7689,2061,First Class,224,EK-1,70000
7690,2272,First Class,66,EK-6,70000
7691,2345,Business,205,EK-8,50000
7692,2084,Economic,306,EK-10,10000
7693,2243,First Class,293,EK-4,70000
7694,2328,First Class,19,EK-2,70000
7695,2067,Economic,48,EK-9,10000
7696,2842,First Class,337,EK-6,70000
7697,2537,Economic,248,EK-9,10000
7698,2833,Economic,289,EK-9,10000
7699,2407,Business,34,EK-7,50000
7700,2158,First Class,340,EK-1,70000
7701,2734,Business,75,EK-9,50000
7702,2797,Economic,42,EK-3,10000
7703,2725,Business,232,EK-7,50000
7704,2114,Economic,324,EK-8,10000
7705,2540,Economic,389,EK-1,10000
7706,2587,Business,154,EK-6,50000
7707,2032,Business,149,EK-10,50000
7708,2271,Economic,333,EK-1,10000
7709,2929,Economic,39,EK-5,10000
7710,2510,Economic,222,EK-3,10000
7711,2367,First Class,324,EK-10,70000
7712,2417,Economic,13,EK-6,10000
7713,2254,First Class,254,EK-7,70000
7714,2552,Economic,49,EK-5,10000
7715,2317,Business,74,EK-2,50000
7716,2768,Business,269,EK-8,50000
7717,2943,First Class,322,EK-1,70000
7718,2082,First Class,298,EK-7,70000
7719,2300,Business,235,EK-7,50000
7720,2039,Economic,69,EK-6,10000
7721,2821,Business,290,EK-9,50000
7722,2700,Economic,71,EK-6,10000
7723,2832,Business,46,EK-2,50000
7724,2368,Economic,382,EK-9,10000
7725,2608,First Class,227,EK-1,70000
7726,2598,Economic,244,EK-3,10000
7727,2276,First Class,97,EK-5,70000
7728,2721,First Class,7,EK-8,70000
7729,2905,Business,86,EK-10,50000
7730,2051,Business,5,EK-2,50000
7731,2674,Economic,34,EK-8,10000
7732,2757,Business,280,EK-6,50000
7733,2388,Business,321,EK-7,50000
7734,2790,First Class,130,EK-7,70000
7735,2888,Economic,322,EK-5,10000
7736,2310,Economic,380,EK-1,10000
7737,2194,Business,292,EK-1,50000
7738,2571,Business,232,EK-4,50000
7739,2629,Business,363,EK-3,50000
7740,2085,Business,74,EK-7,50000
7741,2042,First Class,98,EK-7,70000
7742,2382,Business,56,EK-6,50000
7743,2319,Economic,268,EK-6,10000
7744,2393,Economic,288,EK-8,10000
7745,2922,Business,253,EK-9,50000
7746,2998,Economic,115,EK-10,10000
7747,2392,Economic,41,EK-3,10000
7748,2777,Economic,397,EK-9,10000
7749,2469,First Class,32,EK-1,70000
7750,2220,Economic,399,EK-5,10000
7751,2093,First Class,376,EK-7,70000
7752,2217,Business,166,EK-6,50000
7753,2548,First Class,175,EK-1,70000
7754,2645,First Class,399,EK-3,70000
7755,2891,Business,185,EK-9,50000
7756,2237,First Class,42,EK-10,70000
7757,2687,First Class,318,EK-4,70000
7758,2732,First Class,361,EK-6,70000
7759,2001,Economic,287,EK-4,10000
7760,2429,First Class,343,EK-8,70000
7761,2122,Business,361,EK-1,50000
7762,2197,First Class,117,EK-4,70000
7763,2650,First Class,310,EK-5,70000
7764,2832,First Class,313,EK-4,70000
7765,2437,First Class,210,EK-8,70000
7766,2248,Economic,223,EK-6,10000
7767,2918,Business,361,EK-9,50000
7768,2085,First Class,101,EK-8,70000
7769,2871,First Class,115,EK-8,70000
7770,2754,First Class,359,EK-10,70000
7771,2442,Business,397,EK-1,50000
7772,2860,Business,55,EK-9,50000
7773,2075,Economic,338,EK-7,10000
7774,2059,First Class,162,EK-9,70000
7775,2231,First Class,134,EK-6,70000
7776,2328,Economic,168,EK-2,10000
7777,2068,Economic,230,EK-7,10000
7778,2720,First Class,121,EK-10,70000
7779,2804,First Class,248,EK-6,70000
7780,2797,Economic,237,EK-5,10000
7781,2871,Business,268,EK-1,50000
7782,2210,Business,289,EK-10,50000
7783,2592,Business,294,EK-6,50000
7784,2588,First Class,103,EK-10,70000
7785,2352,Business,117,EK-9,50000
7786,2015,First Class,76,EK-3,70000
7787,2894,Economic,37,EK-8,10000
7788,2660,First Class,234,EK-2,70000
7789,2169,First Class,173,EK-10,70000
7790,2115,Economic,225,EK-4,10000
7791,2440,Economic,156,EK-1,10000
7792,2441,Economic,232,EK-6,10000
7793,2602,Business,274,EK-5,50000
7794,2304,Business,181,EK-4,50000
7795,2170,Business,251,EK-5,50000
7796,2560,First Class,10,EK-4,70000
7797,2454,First Class,28,EK-2,70000
7798,2852,Economic,24,EK-10,10000
7799,2341,Business,210,EK-6,50000
7800,2630,Business,163,EK-9,50000
7801,2925,Economic,338,EK-10,10000
7802,2364,Economic,11,EK-6,10000
7803,2155,Economic,279,EK-7,10000
7804,2238,Economic,58,EK-5,10000
7805,2160,First Class,331,EK-1,70000
7806,2920,Business,173,EK-5,50000
7807,2564,Economic,5,EK-10,10000
7808,2661,First Class,56,EK-4,70000
7809,2729,First Class,326,EK-2,70000
7810,2520,Business,93,EK-6,50000
7811,2129,Business,142,EK-9,50000
7812,2320,First Class,307,EK-3,70000
7813,2320,First Class,252,EK-8,70000
7814,2821,First Class,9,EK-9,70000
7815,2267,Economic,144,EK-4,10000
7816,2170,Business,143,EK-2,50000
7817,2594,Economic,294,EK-10,10000
7818,2916,Business,391,EK-3,50000
7819,2153,Business,42,EK-9,50000
7820,2049,Business,164,EK-6,50000
7821,2415,Business,144,EK-5,50000
7822,2829,Economic,40,EK-9,10000
7823,2528,First Class,272,EK-2,70000
7824,2046,Business,296,EK-9,50000
7825,2166,Economic,315,EK-5,10000
7826,2665,First Class,7,EK-9,70000
7827,2643,Business,81,EK-8,50000
7828,2753,First Class,2,EK-9,70000
7829,2547,Business,357,EK-2,50000
7830,2970,Business,172,EK-5,50000
7831,2332,Economic,178,EK-3,10000
7832,2028,Business,56,EK-4,50000
7833,2659,First Class,202,EK-3,70000
7834,2956,First Class,206,EK-2,70000
7835,2498,Economic,93,EK-4,10000
7836,2749,First Class,82,EK-2,70000
7837,2846,Economic,360,EK-3,10000
7838,2742,Economic,133,EK-8,10000
7839,2338,Economic,30,EK-3,10000
7840,2964,Economic,128,EK-4,10000
7841,2013,Business,184,EK-4,50000
7842,2906,Economic,292,EK-7,10000
7843,2125,Business,169,EK-7,50000
7844,2074,Economic,199,EK-1,10000
7845,2765,First Class,36,EK-3,70000
7846,2849,First Class,20,EK-7,70000
7847,2361,Business,211,EK-9,50000
7848,2630,First Class,79,EK-3,70000
7849,2038,First Class,378,EK-2,70000
7850,2056,Business,303,EK-5,50000
7851,2721,First Class,144,EK-4,70000
7852,2632,Economic,350,EK-6,10000
7853,2500,Economic,61,EK-8,10000
7854,2653,Economic,129,EK-10,10000
7855,2809,Economic,266,EK-3,10000
7856,2981,Business,320,EK-3,50000
7857,2702,Business,108,EK-6,50000
7858,2546,Business,147,EK-9,50000
7859,2233,Economic,301,EK-4,10000
7860,2019,Economic,198,EK-2,10000
7861,2188,Business,166,EK-10,50000
7862,2662,First Class,344,EK-5,70000
7863,2227,First Class,201,EK-2,70000
7864,2598,Economic,201,EK-8,10000
7865,2735,First Class,78,EK-6,70000
7866,2592,Economic,280,EK-3,10000
7867,2921,Economic,152,EK-2,10000
7868,2953,Economic,125,EK-10,10000
7869,2972,First Class,334,EK-10,70000
7870,2170,Economic,301,EK-2,10000
7871,2670,Economic,63,EK-2,10000
7872,2522,First Class,275,EK-1,70000
7873,2270,Economic,109,EK-9,10000
7874,2127,Economic,172,EK-7,10000
7875,2903,First Class,397,EK-7,70000
7876,2770,Business,85,EK-9,50000
7877,2317,Economic,84,EK-4,10000
7878,2094,Business,327,EK-4,50000
7879,2059,Business,133,EK-6,50000
7880,2586,Business,38,EK-5,50000
7881,2993,First Class,118,EK-7,70000
7882,2572,Economic,201,EK-2,10000
7883,2786,First Class,369,EK-4,70000
7884,2883,Business,237,EK-3,50000
7885,2142,Economic,280,EK-3,10000
7886,2969,Business,4,EK-3,50000
7887,2162,First Class,94,EK-4,70000
7888,2300,Economic,87,EK-1,10000
7889,2744,Economic,214,EK-8,10000
7890,2137,Business,27,EK-9,50000
7891,2820,First Class,215,EK-4,70000
7892,2468,Business,321,EK-3,50000
7893,2370,Business,14,EK-5,50000
7894,2909,First Class,346,EK-8,70000
7895,2389,First Class,128,EK-2,70000
7896,2337,Business,354,EK-1,50000
7897,2780,First Class,34,EK-6,70000
7898,2141,First Class,260,EK-6,70000
7899,2867,First Class,154,EK-7,70000
7900,2732,First Class,1,EK-9,70000
7901,2930,Business,87,EK-8,50000
7902,2980,Business,388,EK-2,50000
7903,2497,Economic,238,EK-1,10000
7904,2131,First Class,36,EK-1,70000
7905,2385,First Class,104,EK-6,70000
7906,2413,Business,233,EK-2,50000
7907,2179,First Class,335,EK-9,70000
7908,2463,Business,250,EK-2,50000
7909,2983,First Class,178,EK-9,70000
7910,2902,Economic,324,EK-5,10000
7911,2604,Economic,62,EK-1,10000
7912,2668,First Class,214,EK-3,70000
7913,2818,Business,387,EK-10,50000
7914,2996,First Class,367,EK-6,70000
7915,2701,Business,238,EK-4,50000
7916,2353,Economic,360,EK-9,10000
7917,2261,First Class,382,EK-6,70000
7918,2734,Economic,264,EK-8,10000
7919,2333,First Class,316,EK-9,70000
7920,2611,Economic,51,EK-6,10000
7921,2705,Economic,110,EK-7,10000
7922,2602,First Class,24,EK-8,70000
7923,2896,First Class,57,EK-10,70000
7924,2092,Economic,275,EK-8,10000
7925,2718,Business,272,EK-5,50000
7926,2029,Economic,76,EK-5,10000
7927,2075,Economic,228,EK-6,10000
7928,2241,First Class,161,EK-6,70000
7929,2818,Business,130,EK-5,50000
7930,2743,Business,227,EK-2,50000
7931,2595,Economic,145,EK-5,10000
7932,2036,Business,303,EK-1,50000
7933,2070,First Class,112,EK-10,70000
7934,2418,Business,74,EK-1,50000
7935,2409,First Class,12,EK-1,70000
7936,2111,Economic,317,EK-6,10000
7937,2039,Business,60,EK-2,50000
7938,2907,Business,382,EK-1,50000
7939,2965,Business,2,EK-4,50000
7940,2917,Business,386,EK-2,50000
7941,2908,Economic,373,EK-10,10000
7942,2920,First Class,208,EK-3,70000
7943,2628,First Class,274,EK-8,70000
7944,2013,First Class,273,EK-7,70000
7945,2146,First Class,186,EK-10,70000
7946,2703,First Class,218,EK-10,70000
7947,2677,First Class,249,EK-7,70000
7948,2161,First Class,64,EK-1,70000
7949,2157,Economic,95,EK-6,10000
7950,2760,Business,94,EK-4,50000
7951,2985,First Class,353,EK-10,70000
7952,2075,First Class,87,EK-4,70000
7953,2475,Economic,320,EK-6,10000
7954,2990,Economic,380,EK-10,10000
7955,2890,Economic,189,EK-2,10000
7956,2638,Economic,153,EK-5,10000
7957,2616,Business,42,EK-6,50000
7958,2172,Business,253,EK-9,50000
7959,2505,Business,92,EK-8,50000
7960,2674,Business,32,EK-2,50000
7961,2664,First Class,243,EK-5,70000
7962,2964,First Class,128,EK-10,70000
7963,2858,Business,17,EK-6,50000
7964,2192,First Class,339,EK-8,70000
7965,2304,First Class,36,EK-4,70000
7966,2725,First Class,234,EK-1,70000
7967,2036,Business,385,EK-4,50000
7968,2160,First Class,297,EK-5,70000
7969,2650,First Class,219,EK-10,70000
7970,2741,First Class,142,EK-4,70000
7971,2070,Business,275,EK-2,50000
7972,2375,Economic,206,EK-8,10000
7973,2488,First Class,369,EK-10,70000
7974,2259,Economic,210,EK-4,10000
7975,2789,Economic,381,EK-7,10000
7976,2483,Business,241,EK-7,50000
7977,2576,Economic,271,EK-3,10000
7978,2828,Economic,313,EK-2,10000
7979,2932,Economic,329,EK-4,10000
7980,2898,Business,377,EK-5,50000
7981,2388,Economic,399,EK-6,10000
7982,2532,First Class,327,EK-10,70000
7983,2326,Economic,140,EK-3,10000
7984,2686,First Class,353,EK-10,70000
7985,2426,Economic,358,EK-4,10000
7986,2578,First Class,31,EK-2,70000
7987,2857,Economic,56,EK-6,10000
7988,2582,First Class,350,EK-4,70000
7989,2764,Business,379,EK-10,50000
7990,2663,First Class,325,EK-1,70000
7991,2260,Economic,209,EK-4,10000
7992,2684,Business,56,EK-8,50000
7993,2405,Economic,362,EK-5,10000
7994,2012,First Class,85,EK-1,70000
7995,2603,Business,147,EK-7,50000
7996,2447,Business,64,EK-3,50000
7997,2989,Economic,46,EK-10,10000
7998,2729,Business,389,EK-3,50000
7999,2813,Economic,132,EK-3,10000
8000,2603,First Class,187,EK-1,70000
8001,2809,Business,359,EK-8,50000
8002,2349,Economic,330,EK-1,10000
8003,2573,First Class,231,EK-1,70000
8004,2177,Business,153,EK-8,50000
8005,2532,Business,87,EK-2,50000
8006,2415,First Class,358,EK-9,70000
8007,2350,Business,353,EK-4,50000
8008,2626,Business,168,EK-2,50000
8009,2527,Business,147,EK-7,50000
8010,2799,First Class,294,EK-6,70000
8011,2205,Economic,23,EK-8,10000
8012,2705,Business,100,EK-4,50000
8013,2468,Economic,252,EK-9,10000
8014,2834,Economic,80,EK-10,10000
8015,2978,First Class,209,EK-7,70000
8016,2978,Business,33,EK-6,50000
8017,2216,Business,209,EK-5,50000
8018,2209,Business,150,EK-4,50000
8019,2662,Economic,250,EK-3,10000
8020,2022,First Class,399,EK-3,70000
8021,2467,Business,182,EK-10,50000
8022,2338,Business,72,EK-2,50000
8023,2487,Economic,43,EK-8,10000
8024,2840,Business,198,EK-6,50000
8025,2322,Economic,351,EK-3,10000
8026,2428,First Class,174,EK-7,70000
8027,2427,Economic,388,EK-7,10000
8028,2027,Business,344,EK-3,50000
8029,2144,Economic,240,EK-9,10000
8030,2380,First Class,83,EK-4,70000
8031,2109,Business,182,EK-8,50000
8032,2535,Business,190,EK-4,50000
8033,2665,First Class,53,EK-3,70000
8034,2878,First Class,207,EK-7,70000
8035,2378,First Class,155,EK-7,70000
8036,2467,Economic,231,EK-8,10000
8037,2504,Economic,169,EK-10,10000
8038,2871,First Class,102,EK-8,70000
8039,2225,Economic,151,EK-7,10000
8040,2639,Business,4,EK-10,50000
8041,2045,Business,92,EK-1,50000
8042,2436,Business,162,EK-7,50000
8043,2325,Business,131,EK-2,50000
8044,2235,Economic,140,EK-5,10000
8045,2113,Business,94,EK-1,50000
8046,2824,Economic,245,EK-4,10000
8047,2888,First Class,10,EK-3,70000
8048,2232,Economic,139,EK-8,10000
8049,2565,Business,158,EK-9,50000
8050,2540,First Class,24,EK-2,70000
8051,2785,Business,398,EK-8,50000
8052,2238,First Class,296,EK-1,70000
8053,2282,Business,4,EK-9,50000
8054,2404,Business,68,EK-4,50000
8055,2867,First Class,306,EK-6,70000
8056,2517,Economic,53,EK-6,10000
8057,2404,Economic,263,EK-9,10000
8058,2014,Business,214,EK-7,50000
8059,2073,Economic,262,EK-10,10000
8060,2146,First Class,145,EK-9,70000
8061,2276,First Class,337,EK-4,70000
8062,2783,First Class,97,EK-9,70000
8063,2501,Economic,108,EK-6,10000
8064,2797,First Class,160,EK-5,70000
8065,2157,Economic,359,EK-3,10000
8066,2424,Business,267,EK-4,50000
8067,2782,First Class,294,EK-8,70000
8068,2072,Economic,157,EK-9,10000
8069,2303,First Class,76,EK-3,70000
8070,2305,Business,378,EK-7,50000
8071,2119,Economic,62,EK-2,10000
8072,2941,First Class,171,EK-1,70000
8073,2804,First Class,203,EK-1,70000
8074,2218,Economic,379,EK-6,10000
8075,2498,First Class,168,EK-8,70000
8076,2441,First Class,4,EK-3,70000
8077,2668,Business,72,EK-6,50000
8078,2809,Economic,205,EK-6,10000
8079,2030,Business,18,EK-5,50000
8080,2606,Economic,293,EK-6,10000
8081,2835,Business,265,EK-2,50000
8082,2296,Economic,193,EK-7,10000
8083,2713,First Class,40,EK-9,70000
8084,2901,Business,297,EK-8,50000
8085,2580,Economic,368,EK-4,10000
8086,2720,Economic,293,EK-5,10000
8087,2142,Economic,103,EK-5,10000
8088,2929,Economic,313,EK-1,10000
8089,2309,First Class,158,EK-10,70000
8090,2232,First Class,32,EK-7,70000
8091,2778,Economic,158,EK-10,10000
8092,2780,First Class,397,EK-5,70000
8093,2068,Economic,203,EK-3,10000
8094,2595,Economic,28,EK-10,10000
8095,2033,First Class,17,EK-7,70000
8096,2985,Economic,221,EK-7,10000
8097,2008,First Class,254,EK-7,70000
8098,2436,First Class,192,EK-4,70000
8099,2627,Business,303,EK-1,50000
8100,2536,First Class,342,EK-8,70000
8101,2514,First Class,288,EK-4,70000
8102,2146,First Class,207,EK-7,70000
8103,2001,Economic,392,EK-8,10000
8104,2307,Economic,250,EK-3,10000
8105,2426,Economic,387,EK-8,10000
8106,2372,Business,169,EK-9,50000
8107,2162,First Class,6,EK-6,70000
8108,2024,First Class,261,EK-2,70000
8109,2823,Economic,314,EK-2,10000
8110,2327,Business,31,EK-9,50000
8111,2499,Business,218,EK-8,50000
8112,2832,Business,376,EK-3,50000
8113,2390,Economic,327,EK-5,10000
8114,2014,First Class,347,EK-1,70000
8115,2400,Business,133,EK-7,50000
8116,2462,Economic,100,EK-4,10000
8117,2173,Business,320,EK-9,50000
8118,2004,Economic,325,EK-8,10000
8119,2034,Business,198,EK-10,50000
8120,2154,Business,201,EK-10,50000
8121,2263,Business,145,EK-1,50000
8122,2094,First Class,166,EK-7,70000
8123,2822,Economic,280,EK-7,10000
8124,2062,First Class,115,EK-8,70000
8125,2422,Business,280,EK-1,50000
8126,2733,Economic,221,EK-2,10000
8127,2344,First Class,367,EK-9,70000
8128,2209,Economic,287,EK-10,10000
8129,2723,First Class,374,EK-9,70000
8130,2319,First Class,70,EK-4,70000
8131,2854,Business,272,EK-9,50000
8132,2842,First Class,237,EK-2,70000
8133,2377,Business,285,EK-2,50000
8134,2271,First Class,265,EK-8,70000
8135,2146,Economic,27,EK-3,10000
8136,2975,First Class,15,EK-3,70000
8137,2011,Economic,297,EK-1,10000
8138,2091,Economic,374,EK-8,10000
8139,2402,Business,350,EK-10,50000
8140,2212,First Class,306,EK-2,70000
8141,2068,Business,288,EK-3,50000
8142,2141,First Class,399,EK-5,70000
8143,2943,First Class,285,EK-9,70000
8144,2096,First Class,26,EK-3,70000
8145,2877,Business,392,EK-8,50000
8146,2564,First Class,129,EK-7,70000
8147,2060,Economic,22,EK-4,10000
8148,2031,First Class,361,EK-7,70000
8149,2092,First Class,219,EK-4,70000
8150,2146,First Class,37,EK-3,70000
8151,2544,First Class,217,EK-1,70000
8152,2034,Economic,360,EK-8,10000
8153,2445,Economic,51,EK-3,10000
8154,2426,First Class,265,EK-1,70000
8155,2251,First Class,230,EK-5,70000
8156,2283,First Class,58,EK-8,70000
8157,2095,First Class,240,EK-5,70000
8158,2762,Business,125,EK-6,50000
8159,2376,First Class,194,EK-9,70000
8160,2779,Economic,60,EK-2,10000
8161,2695,First Class,104,EK-7,70000
8162,2789,Business,134,EK-1,50000
8163,2237,Economic,105,EK-4,10000
8164,2435,Business,275,EK-10,50000
8165,2903,Economic,25,EK-8,10000
8166,2438,First Class,395,EK-5,70000
8167,2267,First Class,71,EK-6,70000
8168,2251,Business,399,EK-3,50000
8169,2782,Business,33,EK-8,50000
8170,2564,Business,219,EK-8,50000
8171,2797,First Class,240,EK-8,70000
8172,2790,Business,66,EK-2,50000
8173,2806,Economic,85,EK-2,10000
8174,2735,Economic,324,EK-3,10000
8175,2870,Business,143,EK-1,50000
8176,2644,First Class,179,EK-2,70000
8177,2955,Business,331,EK-9,50000
8178,2532,Economic,98,EK-6,10000
8179,2976,First Class,368,EK-5,70000
8180,2715,Economic,150,EK-4,10000
8181,2490,Economic,116,EK-3,10000
8182,2338,Economic,113,EK-2,10000
8183,2774,Business,85,EK-9,50000
8184,2748,Business,315,EK-1,50000
8185,2400,Business,197,EK-1,50000
8186,2716,Business,210,EK-8,50000
8187,2294,Economic,36,EK-10,10000
8188,2427,Business,19,EK-8,50000
8189,2532,Business,110,EK-10,50000
8190,2132,Business,46,EK-1,50000
8191,2404,First Class,283,EK-1,70000
8192,2112,Economic,304,EK-2,10000
8193,2031,Business,43,EK-9,50000
8194,2903,First Class,371,EK-5,70000
8195,2269,Economic,369,EK-9,10000
8196,2600,Economic,14,EK-4,10000
8197,2251,Economic,248,EK-9,10000
8198,2822,Economic,157,EK-9,10000
8199,2952,Economic,20,EK-1,10000
8200,2681,First Class,23,EK-5,70000
8201,2147,Economic,313,EK-7,10000
8202,2656,Business,7,EK-7,50000
8203,2603,Economic,83,EK-2,10000
8204,2271,Business,232,EK-2,50000
8205,2392,Economic,60,EK-8,10000
8206,2910,Economic,119,EK-8,10000
8207,2624,Business,12,EK-4,50000
8208,2438,Economic,228,EK-8,10000
8209,2339,Business,260,EK-2,50000
8210,2535,Business,63,EK-7,50000
8211,2176,Economic,90,EK-2,10000
8212,2070,Economic,11,EK-1,10000
8213,2390,Economic,96,EK-7,10000
8214,2828,First Class,134,EK-4,70000
8215,2962,Economic,53,EK-6,10000
8216,2116,First Class,197,EK-3,70000
8217,2324,First Class,196,EK-4,70000
8218,2029,First Class,86,EK-3,70000
8219,2448,Economic,304,EK-6,10000
8220,2129,First Class,82,EK-3,70000
8221,2927,First Class,254,EK-4,70000
8222,2687,Business,230,EK-6,50000
8223,2333,Economic,227,EK-8,10000
8224,2705,First Class,170,EK-9,70000
8225,2609,First Class,8,EK-8,70000
8226,2391,Business,127,EK-1,50000
8227,2657,Business,159,EK-9,50000
8228,2183,Business,203,EK-3,50000
8229,2669,Business,300,EK-7,50000
8230,2135,Business,104,EK-10,50000
8231,2899,Economic,368,EK-9,10000
8232,2783,Economic,181,EK-9,10000
8233,2167,First Class,103,EK-5,70000
8234,2007,Economic,337,EK-1,10000
8235,2850,First Class,156,EK-9,70000
8236,2544,Economic,149,EK-10,10000
8237,2615,Business,359,EK-3,50000
8238,2098,First Class,38,EK-8,70000
8239,2933,First Class,339,EK-10,70000
8240,2035,Economic,139,EK-5,10000
8241,2037,Economic,30,EK-4,10000
8242,2189,First Class,397,EK-4,70000
8243,2345,First Class,367,EK-6,70000
8244,2991,Economic,159,EK-2,10000
8245,2910,Economic,277,EK-1,10000
8246,2336,First Class,329,EK-1,70000
8247,2116,Economic,45,EK-8,10000
8248,2539,Economic,299,EK-7,10000
8249,2041,Economic,58,EK-1,10000
8250,2984,First Class,13,EK-1,70000
8251,2056,Business,312,EK-3,50000
8252,2575,Economic,380,EK-3,10000
8253,2524,First Class,209,EK-4,70000
8254,2835,First Class,220,EK-10,70000
8255,2650,Economic,129,EK-10,10000
8256,2548,Business,308,EK-3,50000
8257,2297,Business,223,EK-5,50000
8258,2734,Economic,181,EK-8,10000
8259,2539,Business,143,EK-7,50000
8260,2459,First Class,283,EK-2,70000
8261,2238,Economic,326,EK-10,10000
8262,2831,First Class,292,EK-5,70000
8263,2557,First Class,307,EK-4,70000
8264,2542,Business,211,EK-7,50000
8265,2924,Economic,370,EK-2,10000
8266,2915,First Class,146,EK-6,70000
8267,2927,First Class,267,EK-1,70000
8268,2078,First Class,108,EK-5,70000
8269,2328,First Class,300,EK-5,70000
8270,2419,First Class,76,EK-10,70000
8271,2053,Economic,356,EK-4,10000
8272,2546,First Class,323,EK-2,70000
8273,2580,Business,100,EK-9,50000
8274,2135,First Class,57,EK-7,70000
8275,2247,Economic,191,EK-6,10000
8276,2357,Business,374,EK-5,50000
8277,2917,First Class,311,EK-4,70000
8278,2408,Economic,156,EK-8,10000
8279,2430,First Class,80,EK-7,70000
8280,2323,First Class,365,EK-7,70000
8281,2621,First Class,208,EK-2,70000
8282,2483,First Class,201,EK-3,70000
8283,2066,Economic,267,EK-5,10000
8284,2015,First Class,331,EK-2,70000
8285,2067,Economic,187,EK-2,10000
8286,2671,Business,92,EK-5,50000
8287,2026,Business,358,EK-4,50000
8288,2783,First Class,184,EK-10,70000
8289,2836,Business,100,EK-1,50000
8290,2239,Business,147,EK-1,50000
8291,2124,First Class,362,EK-3,70000
8292,2269,Economic,107,EK-9,10000
8293,2443,Business,234,EK-3,50000
8294,2736,Economic,168,EK-3,10000
8295,2980,Business,94,EK-5,50000
8296,2278,Economic,51,EK-1,10000
8297,2568,First Class,364,EK-8,70000
8298,2693,Business,363,EK-2,50000
8299,2403,Economic,397,EK-5,10000
8300,2309,Economic,93,EK-9,10000
8301,2463,Business,304,EK-4,50000
8302,2508,Business,101,EK-5,50000
8303,2591,Business,395,EK-6,50000
8304,2170,Business,143,EK-4,50000
8305,2149,First Class,30,EK-2,70000
8306,2115,Business,357,EK-9,50000
8307,2815,Business,89,EK-2,50000
8308,2530,Business,92,EK-6,50000
8309,2446,Business,25,EK-9,50000
8310,2643,First Class,380,EK-5,70000
8311,2040,First Class,175,EK-2,70000
8312,2362,Business,284,EK-5,50000
8313,2757,First Class,185,EK-10,70000
8314,2091,Economic,20,EK-10,10000
8315,2642,First Class,32,EK-9,70000
8316,2726,Business,215,EK-10,50000
8317,2285,Economic,359,EK-10,10000
8318,2183,First Class,239,EK-7,70000
8319,2264,Economic,65,EK-9,10000
8320,2368,Economic,93,EK-1,10000
8321,2276,Business,184,EK-8,50000
8322,2030,First Class,17,EK-8,70000
8323,2448,First Class,258,EK-2,70000
8324,2835,Economic,97,EK-1,10000
8325,2764,Economic,188,EK-10,10000
8326,2650,Economic,321,EK-5,10000
8327,2443,First Class,237,EK-8,70000
8328,2816,Business,290,EK-2,50000
8329,2104,Economic,57,EK-10,10000
8330,2193,Business,373,EK-4,50000
8331,2577,Economic,347,EK-2,10000
8332,2723,Economic,162,EK-5,10000
8333,2650,Business,117,EK-4,50000
8334,2733,First Class,13,EK-8,70000
8335,2891,Economic,192,EK-8,10000
8336,2698,First Class,309,EK-7,70000
8337,2343,Business,72,EK-5,50000
8338,2696,First Class,359,EK-5,70000
8339,2865,First Class,70,EK-5,70000
8340,2538,First Class,148,EK-9,70000
8341,2154,Business,250,EK-4,50000
8342,2223,Business,262,EK-3,50000
8343,2817,Business,122,EK-2,50000
8344,2265,Business,366,EK-3,50000
8345,2476,Business,142,EK-3,50000
8346,2419,Economic,88,EK-8,10000
8347,2697,First Class,9,EK-7,70000
8348,2341,First Class,308,EK-8,70000
8349,2139,Business,281,EK-2,50000
8350,2656,Business,160,EK-9,50000
8351,2872,First Class,131,EK-10,70000
8352,2362,Business,227,EK-3,50000
8353,2190,First Class,195,EK-10,70000
8354,2700,Economic,36,EK-7,10000
8355,2125,First Class,351,EK-5,70000
8356,2516,Business,392,EK-4,50000
8357,2404,First Class,282,EK-3,70000
8358,2056,Business,53,EK-1,50000
8359,2983,First Class,399,EK-3,70000
8360,2985,First Class,40,EK-9,70000
8361,2522,Economic,20,EK-3,10000
8362,2421,Economic,327,EK-8,10000
8363,2510,Economic,155,EK-1,10000
8364,2744,First Class,24,EK-5,70000
8365,2841,First Class,285,EK-10,70000
8366,2659,First Class,59,EK-2,70000
8367,2186,Business,225,EK-2,50000
8368,2925,Economic,117,EK-8,10000
8369,2944,Economic,169,EK-3,10000
8370,2549,Business,289,EK-6,50000
8371,2645,Economic,171,EK-5,10000
8372,2877,Economic,51,EK-1,10000
8373,2591,Business,117,EK-4,50000
8374,2618,Business,204,EK-2,50000
8375,2317,First Class,298,EK-4,70000
8376,2528,Business,273,EK-1,50000
8377,2477,Economic,153,EK-6,10000
8378,2703,First Class,382,EK-8,70000
8379,2828,Economic,362,EK-2,10000
8380,2491,Business,165,EK-9,50000
8381,2938,Economic,265,EK-5,10000
8382,2158,Business,79,EK-1,50000
8383,2927,First Class,156,EK-4,70000
8384,2076,Economic,272,EK-1,10000
8385,2475,Economic,301,EK-3,10000
8386,2782,Business,333,EK-1,50000
8387,2156,Business,209,EK-5,50000
8388,2368,Economic,242,EK-7,10000
8389,2059,Business,233,EK-6,50000
8390,2758,First Class,369,EK-9,70000
8391,2197,First Class,134,EK-7,70000
8392,2961,Business,197,EK-3,50000
8393,2526,Economic,369,EK-10,10000
8394,2193,First Class,260,EK-8,70000
8395,2153,First Class,11,EK-9,70000
8396,2769,First Class,155,EK-10,70000
8397,2227,First Class,221,EK-6,70000
8398,2814,First Class,89,EK-10,70000
8399,2932,Economic,9,EK-10,10000
8400,2541,Business,31,EK-6,50000
8401,2347,Business,297,EK-9,50000
8402,2006,Business,335,EK-4,50000
8403,2952,First Class,289,EK-6,70000
8404,2055,Business,230,EK-6,50000
8405,2940,First Class,83,EK-6,70000
8406,2627,Economic,240,EK-7,10000
8407,2642,First Class,165,EK-6,70000
8408,2976,Business,104,EK-9,50000
8409,2553,Business,390,EK-2,50000
8410,2427,Economic,4,EK-6,10000
8411,2885,Business,386,EK-4,50000
8412,2274,Economic,273,EK-6,10000
8413,2563,Business,346,EK-4,50000
8414,2015,First Class,337,EK-8,70000
8415,2363,First Class,317,EK-9,70000
8416,2320,Economic,184,EK-6,10000
8417,2631,Economic,335,EK-2,10000
8418,2093,Business,216,EK-10,50000
8419,2839,First Class,202,EK-5,70000
8420,2944,First Class,84,EK-2,70000
8421,2312,First Class,395,EK-6,70000
8422,2450,Economic,201,EK-3,10000
8423,2463,Business,3,EK-9,50000
8424,2705,Business,253,EK-9,50000
8425,2179,First Class,250,EK-9,70000
8426,2477,First Class,78,EK-9,70000
8427,2983,Business,50,EK-8,50000
8428,2503,Business,47,EK-7,50000
8429,2877,Economic,210,EK-2,10000
8430,2283,Economic,187,EK-6,10000
8431,2934,Business,219,EK-8,50000
8432,2634,First Class,246,EK-3,70000
8433,2547,First Class,208,EK-7,70000
8434,2560,First Class,359,EK-7,70000
8435,2256,Economic,341,EK-8,10000
8436,2454,First Class,341,EK-4,70000
8437,2325,Economic,329,EK-4,10000
8438,2968,Business,349,EK-6,50000
8439,2624,Business,122,EK-3,50000
8440,2604,First Class,25,EK-8,70000
8441,2293,Business,379,EK-9,50000
8442,2686,Business,51,EK-3,50000
8443,2234,Economic,151,EK-2,10000
8444,2924,Business,258,EK-4,50000
8445,2314,First Class,11,EK-5,70000
8446,2278,First Class,336,EK-7,70000
8447,2602,Business,234,EK-9,50000
8448,2690,First Class,255,EK-2,70000
8449,2173,First Class,24,EK-7,70000
8450,2124,Business,364,EK-10,50000
8451,2615,First Class,55,EK-4,70000
8452,2761,Business,57,EK-6,50000
8453,2901,Business,299,EK-8,50000
8454,2222,First Class,267,EK-9,70000
8455,2531,Business,383,EK-1,50000
8456,2193,First Class,213,EK-9,70000
8457,2323,First Class,307,EK-9,70000
8458,2035,Business,287,EK-2,50000
8459,2947,First Class,128,EK-1,70000
8460,2115,Business,338,EK-10,50000
8461,2605,First Class,327,EK-9,70000
8462,2955,Business,58,EK-10,50000
8463,2064,Business,175,EK-9,50000
8464,2024,Business,373,EK-8,50000
8465,2717,Business,220,EK-5,50000
8466,2791,Economic,400,EK-5,10000
8467,2309,Economic,390,EK-10,10000
8468,2958,Economic,108,EK-3,10000
8469,2550,First Class,345,EK-7,70000
8470,2602,Economic,285,EK-7,10000
8471,2037,First Class,39,EK-10,70000
8472,2618,Business,46,EK-7,50000
8473,2901,Business,398,EK-6,50000
8474,2316,Economic,351,EK-1,10000
8475,2520,Business,305,EK-5,50000
8476,2909,First Class,387,EK-1,70000
8477,2738,Business,391,EK-6,50000
8478,2884,First Class,141,EK-2,70000
8479,2012,Business,194,EK-3,50000
8480,2564,First Class,247,EK-1,70000
8481,2100,Economic,185,EK-4,10000
8482,2018,First Class,75,EK-1,70000
8483,2264,Economic,211,EK-9,10000
8484,2714,Economic,56,EK-2,10000
8485,2035,Business,325,EK-10,50000
8486,2635,Economic,183,EK-7,10000
8487,2732,Business,247,EK-8,50000
8488,2122,Economic,222,EK-7,10000
8489,2617,Economic,242,EK-4,10000
8490,2713,First Class,236,EK-5,70000
8491,2413,First Class,290,EK-7,70000
8492,2957,First Class,300,EK-5,70000
8493,2471,First Class,308,EK-7,70000
8494,2313,Economic,359,EK-7,10000
8495,2919,Economic,311,EK-9,10000
8496,2416,First Class,47,EK-4,70000
8497,2674,Economic,348,EK-9,10000
8498,2020,Economic,132,EK-10,10000
8499,2019,First Class,99,EK-10,70000
8500,2705,First Class,260,EK-9,70000
8501,2215,First Class,57,EK-10,70000
8502,2136,First Class,173,EK-10,70000
8503,2621,Business,173,EK-6,50000
8504,2289,Economic,284,EK-4,10000
8505,2649,First Class,393,EK-3,70000
8506,2158,First Class,369,EK-5,70000
8507,2591,Economic,191,EK-3,10000
8508,2369,Economic,132,EK-3,10000
8509,2949,Economic,20,EK-3,10000
8510,2703,Business,105,EK-4,50000
8511,2858,Business,366,EK-9,50000
8512,2807,Economic,210,EK-7,10000
8513,2170,Economic,177,EK-3,10000
8514,2379,Business,296,EK-7,50000
8515,2500,Business,94,EK-7,50000
8516,2681,Economic,361,EK-3,10000
8517,2899,First Class,33,EK-10,70000
8518,2663,Economic,203,EK-10,10000
8519,2144,Economic,263,EK-1,10000
8520,2553,Economic,334,EK-1,10000
8521,2890,First Class,12,EK-3,70000
8522,2083,First Class,183,EK-2,70000
8523,2298,First Class,362,EK-9,70000
8524,2575,Business,301,EK-1,50000
8525,2409,Economic,310,EK-10,10000
8526,2043,Economic,119,EK-1,10000
8527,2779,First Class,63,EK-4,70000
8528,2144,Economic,134,EK-4,10000
8529,2506,Economic,206,EK-5,10000
8530,2758,Economic,182,EK-2,10000
8531,2022,Economic,274,EK-8,10000
8532,2985,Economic,246,EK-4,10000
8533,2724,Economic,88,EK-5,10000
8534,2173,Economic,345,EK-7,10000
8535,2669,Economic,301,EK-7,10000
8536,2200,Economic,75,EK-9,10000
8537,2994,Economic,119,EK-5,10000
8538,2071,Business,154,EK-10,50000
8539,2376,First Class,251,EK-6,70000
8540,2691,Business,34,EK-5,50000
8541,2414,Economic,105,EK-6,10000
8542,2608,Business,329,EK-4,50000
8543,2489,Business,159,EK-8,50000
8544,2251,Economic,233,EK-8,10000
8545,2319,Economic,327,EK-5,10000
8546,2223,Business,278,EK-8,50000
8547,2987,First Class,15,EK-8,70000
8548,2831,Business,270,EK-9,50000
8549,2084,First Class,196,EK-9,70000
8550,2221,Economic,212,EK-10,10000
8551,2804,Economic,273,EK-7,10000
8552,2577,Business,287,EK-9,50000
8553,2435,Business,45,EK-3,50000
8554,2352,First Class,59,EK-5,70000
8555,2483,First Class,334,EK-3,70000
8556,2181,Business,284,EK-8,50000
8557,2461,Business,80,EK-6,50000
8558,2402,Economic,351,EK-8,10000
8559,2509,First Class,389,EK-6,70000
8560,2953,Business,109,EK-2,50000
8561,2632,First Class,261,EK-5,70000
8562,2483,Business,32,EK-6,50000
8563,2019,Business,212,EK-6,50000
8564,2722,Economic,242,EK-9,10000
8565,2358,Economic,107,EK-6,10000
8566,2491,Economic,78,EK-5,10000
8567,2740,First Class,273,EK-1,70000
8568,2874,Business,212,EK-2,50000
8569,2189,First Class,332,EK-3,70000
8570,2961,Business,50,EK-1,50000
8571,2286,Business,122,EK-2,50000
8572,2462,Business,61,EK-2,50000
8573,2824,First Class,218,EK-3,70000
8574,2492,Economic,330,EK-8,10000
8575,2054,Economic,47,EK-8,10000
8576,2107,Business,190,EK-10,50000
8577,2802,First Class,34,EK-3,70000
8578,2219,Business,258,EK-2,50000
8579,2036,Economic,351,EK-9,10000
8580,2745,First Class,393,EK-5,70000
8581,2999,First Class,100,EK-1,70000
8582,2993,Economic,333,EK-7,10000
8583,2245,Economic,57,EK-9,10000
8584,2274,Economic,192,EK-3,10000
8585,2437,First Class,168,EK-9,70000
8586,2869,Business,259,EK-4,50000
8587,2693,First Class,259,EK-8,70000
8588,2283,First Class,189,EK-2,70000
8589,2090,First Class,228,EK-8,70000
8590,2581,Business,29,EK-3,50000
8591,2639,First Class,364,EK-1,70000
8592,2036,Economic,375,EK-6,10000
8593,2282,Economic,83,EK-4,10000
8594,2825,Economic,257,EK-9,10000
8595,2494,Economic,147,EK-3,10000
8596,2356,Economic,154,EK-9,10000
8597,2861,First Class,113,EK-7,70000
8598,2924,Business,48,EK-1,50000
8599,2725,First Class,101,EK-6,70000
8600,2145,Economic,70,EK-1,10000
8601,2645,First Class,93,EK-7,70000
8602,2185,Economic,212,EK-10,10000
8603,2171,Economic,10,EK-5,10000
8604,2233,First Class,363,EK-1,70000
8605,2683,First Class,248,EK-8,70000
8606,2983,Business,184,EK-9,50000
8607,2408,First Class,314,EK-4,70000
8608,2242,Economic,95,EK-9,10000
8609,2493,Economic,56,EK-7,10000
8610,2223,First Class,99,EK-9,70000
8611,2029,Business,213,EK-5,50000
8612,2681,Business,322,EK-7,50000
8613,2007,Economic,206,EK-3,10000
8614,2192,Economic,35,EK-5,10000
8615,2838,Economic,329,EK-4,10000
8616,2181,Business,35,EK-2,50000
8617,2704,First Class,388,EK-8,70000
8618,2147,Economic,287,EK-1,10000
8619,2137,Business,248,EK-3,50000
8620,2077,First Class,281,EK-3,70000
8621,2897,First Class,92,EK-7,70000
8622,2356,Business,68,EK-4,50000
8623,2457,Business,245,EK-10,50000
8624,2269,Business,141,EK-5,50000
8625,2187,Economic,377,EK-3,10000
8626,2866,First Class,153,EK-1,70000
8627,2876,Business,238,EK-3,50000
8628,2365,Economic,167,EK-3,10000
8629,2939,Economic,320,EK-7,10000
8630,2959,First Class,75,EK-10,70000
8631,2276,Economic,303,EK-1,10000
8632,2333,Business,65,EK-2,50000
8633,2590,Economic,392,EK-2,10000
8634,2086,Economic,197,EK-4,10000
8635,2044,Economic,299,EK-8,10000
8636,2326,First Class,312,EK-9,70000
8637,2350,Economic,267,EK-4,10000
8638,2910,Economic,125,EK-2,10000
8639,2377,Economic,223,EK-5,10000
8640,2466,First Class,23,EK-5,70000
8641,2752,Economic,265,EK-7,10000
8642,2319,First Class,127,EK-3,70000
8643,2707,Business,25,EK-3,50000
8644,2902,Business,377,EK-1,50000
8645,2008,Business,127,EK-8,50000
8646,2473,Economic,175,EK-7,10000
8647,2675,First Class,366,EK-9,70000
8648,2820,Business,44,EK-3,50000
8649,2387,Economic,3,EK-3,10000
8650,2526,Economic,197,EK-6,10000
8651,2840,First Class,155,EK-4,70000
8652,2599,Economic,234,EK-6,10000
8653,2156,Business,258,EK-10,50000
8654,2450,Economic,106,EK-10,10000
8655,2485,Business,19,EK-1,50000
8656,2556,First Class,93,EK-1,70000
8657,2853,Economic,196,EK-7,10000
8658,2184,Business,387,EK-5,50000
8659,2721,Business,73,EK-10,50000
8660,2054,Business,199,EK-5,50000
8661,2435,Economic,244,EK-2,10000
8662,2330,Business,100,EK-8,50000
8663,2911,First Class,50,EK-4,70000
8664,2120,Business,142,EK-2,50000
8665,2380,Business,38,EK-1,50000
8666,2400,First Class,238,EK-7,70000
8667,2619,Economic,15,EK-10,10000
8668,2632,Business,191,EK-9,50000
8669,2810,Economic,369,EK-3,10000
8670,2797,Business,323,EK-2,50000
8671,2828,Economic,224,EK-3,10000
8672,2400,First Class,219,EK-4,70000
8673,2670,Business,30,EK-2,50000
8674,2722,Economic,253,EK-8,10000
8675,2663,First Class,102,EK-5,70000
8676,2562,Economic,159,EK-2,10000
8677,2087,Business,361,EK-8,50000
8678,2623,First Class,396,EK-4,70000
8679,2658,First Class,32,EK-8,70000
8680,2138,Business,331,EK-1,50000
8681,2194,Business,339,EK-7,50000
8682,2613,Economic,209,EK-6,10000
8683,2064,First Class,194,EK-4,70000
8684,2950,Business,356,EK-7,50000
8685,2391,First Class,12,EK-3,70000
8686,2582,Business,176,EK-5,50000
8687,2350,First Class,244,EK-7,70000
8688,2918,Economic,140,EK-4,10000
8689,2015,Economic,239,EK-10,10000
8690,2678,Business,336,EK-7,50000
8691,2551,First Class,40,EK-5,70000
8692,2009,First Class,183,EK-10,70000
8693,2967,First Class,25,EK-1,70000
8694,2497,First Class,309,EK-7,70000
8695,2982,Economic,382,EK-7,10000
8696,2736,Business,378,EK-9,50000
8697,2030,Business,206,EK-3,50000
8698,2900,Business,259,EK-3,50000
8699,2433,First Class,129,EK-2,70000
8700,2760,First Class,258,EK-5,70000
8701,2225,Business,74,EK-1,50000
8702,2603,Economic,13,EK-5,10000
8703,2650,First Class,316,EK-6,70000
8704,2801,First Class,95,EK-7,70000
8705,2253,Business,43,EK-2,50000
8706,2501,Economic,57,EK-3,10000
8707,2251,Business,170,EK-1,50000
8708,2667,First Class,28,EK-3,70000
8709,2265,Economic,254,EK-4,10000
8710,2812,Economic,255,EK-6,10000
8711,2466,Economic,288,EK-10,10000
8712,2800,Economic,276,EK-3,10000
8713,2052,Business,293,EK-3,50000
8714,2299,Economic,330,EK-3,10000
8715,2836,First Class,302,EK-3,70000
8716,2609,First Class,350,EK-2,70000
8717,2614,Business,293,EK-2,50000
8718,2280,Business,262,EK-8,50000
8719,2177,Economic,296,EK-9,10000
8720,2420,Business,126,EK-5,50000
8721,2145,Economic,54,EK-10,10000
8722,2001,Economic,6,EK-2,10000
8723,2314,Economic,398,EK-2,10000
8724,2319,Economic,356,EK-3,10000
8725,2888,Business,352,EK-6,50000
8726,2403,Economic,8,EK-7,10000
8727,2298,Economic,102,EK-3,10000
8728,2536,First Class,381,EK-2,70000
8729,2224,Economic,10,EK-6,10000
8730,2499,Economic,102,EK-8,10000
8731,2922,First Class,158,EK-9,70000
8732,2009,Economic,277,EK-4,10000
8733,2636,First Class,291,EK-1,70000
8734,2216,First Class,243,EK-8,70000
8735,2945,First Class,210,EK-5,70000
8736,2553,First Class,174,EK-2,70000
8737,2992,Economic,346,EK-4,10000
8738,2160,Business,202,EK-7,50000
8739,2582,Economic,85,EK-4,10000
8740,2585,First Class,262,EK-1,70000
8741,2213,Business,74,EK-4,50000
8742,2725,Business,174,EK-8,50000
8743,2995,First Class,313,EK-3,70000
8744,2883,First Class,25,EK-1,70000
8745,2759,Business,102,EK-4,50000
8746,2680,First Class,216,EK-2,70000
8747,2985,First Class,175,EK-8,70000
8748,2025,First Class,137,EK-2,70000
8749,2200,First Class,90,EK-9,70000
8750,2868,First Class,90,EK-4,70000
8751,2771,Economic,328,EK-5,10000
8752,2741,First Class,286,EK-10,70000
8753,2556,Economic,145,EK-1,10000
8754,2466,Economic,112,EK-3,10000
8755,2244,Business,347,EK-4,50000
8756,2633,First Class,365,EK-8,70000
8757,2079,First Class,373,EK-8,70000
8758,2877,Business,385,EK-5,50000
8759,2508,Economic,239,EK-4,10000
8760,2687,Business,86,EK-5,50000
8761,2717,Economic,77,EK-6,10000
8762,2736,Business,20,EK-10,50000
8763,2164,First Class,381,EK-7,70000
8764,2124,Economic,169,EK-8,10000
8765,2678,Economic,236,EK-8,10000
8766,2177,Economic,139,EK-6,10000
8767,2565,Economic,25,EK-5,10000
8768,2822,Economic,244,EK-2,10000
8769,2717,Business,133,EK-1,50000
8770,2859,Business,23,EK-5,50000
8771,2852,First Class,98,EK-1,70000
8772,2042,Business,183,EK-5,50000
8773,2800,First Class,276,EK-10,70000
8774,2853,Economic,134,EK-8,10000
8775,2363,Business,19,EK-9,50000
8776,2517,Economic,381,EK-9,10000
8777,2671,Business,212,EK-8,50000
8778,2614,First Class,35,EK-6,70000
8779,2592,Economic,186,EK-7,10000
8780,2948,Business,256,EK-3,50000
8781,2906,Business,224,EK-8,50000
8782,2866,Economic,312,EK-2,10000
8783,2204,Business,280,EK-1,50000
8784,2278,Economic,389,EK-3,10000
8785,2230,Economic,217,EK-9,10000
8786,2942,Economic,68,EK-2,10000
8787,2757,First Class,312,EK-9,70000
8788,2444,First Class,398,EK-8,70000
8789,2013,Business,365,EK-10,50000
8790,2007,Business,87,EK-9,50000
8791,2731,Business,329,EK-4,50000
8792,2171,Business,42,EK-8,50000
8793,2669,First Class,358,EK-6,70000
8794,2068,Business,183,EK-10,50000
8795,2781,Economic,40,EK-9,10000
8796,2612,Economic,80,EK-4,10000
8797,2979,Economic,196,EK-5,10000
8798,2639,Business,260,EK-6,50000
8799,2869,Economic,350,EK-9,10000
8800,2293,Economic,56,EK-10,10000
8801,2313,Economic,379,EK-5,10000
8802,2175,Economic,124,EK-1,10000
8803,2605,First Class,283,EK-6,70000
8804,2846,Economic,1,EK-4,10000
8805,2512,Business,304,EK-1,50000
8806,2141,First Class,311,EK-1,70000
8807,2245,Business,183,EK-4,50000
8808,2784,First Class,64,EK-3,70000
8809,2738,First Class,294,EK-4,70000
8810,2637,Economic,100,EK-5,10000
8811,2659,Business,91,EK-9,50000
8812,2215,Economic,323,EK-8,10000
8813,2596,Business,172,EK-6,50000
8814,2697,First Class,365,EK-10,70000
8815,2439,First Class,364,EK-5,70000
8816,2812,Business,145,EK-1,50000
8817,2205,First Class,171,EK-8,70000
8818,2878,Business,208,EK-8,50000
8819,2423,Economic,26,EK-4,10000
8820,2624,First Class,185,EK-10,70000
8821,2400,First Class,144,EK-3,70000
8822,2904,Economic,358,EK-3,10000
8823,2017,Business,26,EK-8,50000
8824,2988,Economic,151,EK-2,10000
8825,2152,Business,2,EK-3,50000
8826,2559,Economic,218,EK-3,10000
8827,2380,First Class,31,EK-7,70000
8828,2756,Economic,241,EK-2,10000
8829,2163,First Class,100,EK-6,70000
8830,2544,Economic,268,EK-1,10000
8831,2761,Business,78,EK-1,50000
8832,2147,First Class,331,EK-9,70000
8833,2013,First Class,303,EK-6,70000
8834,2866,Business,258,EK-2,50000
8835,2104,Economic,391,EK-10,10000
8836,2605,Economic,348,EK-9,10000
8837,2316,Economic,167,EK-7,10000
8838,2383,First Class,190,EK-4,70000
8839,2751,Economic,191,EK-9,10000
8840,2231,Economic,399,EK-3,10000
8841,2161,Economic,310,EK-2,10000
8842,2066,First Class,272,EK-4,70000
8843,2540,Economic,170,EK-4,10000
8844,2093,Business,256,EK-8,50000
8845,2475,Business,387,EK-10,50000
8846,2004,First Class,232,EK-7,70000
8847,2879,Economic,46,EK-4,10000
8848,2051,First Class,260,EK-3,70000
8849,2144,First Class,31,EK-10,70000
8850,2185,First Class,389,EK-9,70000
8851,2999,Business,319,EK-9,50000
8852,2709,Economic,318,EK-4,10000
8853,2799,Economic,343,EK-1,10000
8854,2750,Economic,5,EK-6,10000
8855,2310,Business,112,EK-7,50000
8856,2030,First Class,118,EK-8,70000
8857,2631,First Class,225,EK-8,70000
8858,2282,Economic,354,EK-1,10000
8859,2090,Business,258,EK-6,50000
8860,2411,Business,69,EK-9,50000
8861,2858,Economic,83,EK-10,10000
8862,2233,Business,318,EK-10,50000
8863,2541,Economic,102,EK-8,10000
8864,2917,Business,279,EK-8,50000
8865,2591,Economic,5,EK-10,10000
8866,2106,First Class,266,EK-6,70000
8867,2998,Economic,169,EK-7,10000
8868,2546,First Class,133,EK-4,70000
8869,2894,Economic,187,EK-10,10000
8870,2106,First Class,86,EK-10,70000
8871,2509,Business,118,EK-10,50000
8872,2591,Business,136,EK-5,50000
8873,2162,Business,17,EK-4,50000
8874,2416,Business,161,EK-6,50000
8875,2696,First Class,395,EK-10,70000
8876,2595,Economic,269,EK-6,10000
8877,2823,Business,14,EK-5,50000
8878,2028,Economic,50,EK-6,10000
8879,2179,Economic,185,EK-2,10000
8880,2058,Business,264,EK-4,50000
8881,2305,First Class,82,EK-8,70000
8882,2253,First Class,40,EK-5,70000
8883,2622,First Class,83,EK-8,70000
8884,2578,First Class,163,EK-4,70000
8885,2386,First Class,165,EK-9,70000
8886,2542,Business,29,EK-5,50000
8887,2593,Economic,139,EK-1,10000
8888,2164,Economic,251,EK-2,10000
8889,2764,First Class,293,EK-10,70000
8890,2054,First Class,104,EK-7,70000
8891,2834,Economic,129,EK-6,10000
8892,2684,First Class,52,EK-9,70000
8893,2941,First Class,199,EK-3,70000
8894,2892,Business,186,EK-4,50000
8895,2994,First Class,18,EK-1,70000
8896,2864,Business,334,EK-10,50000
8897,2891,Business,255,EK-8,50000
8898,2413,First Class,143,EK-2,70000
8899,2238,Business,313,EK-9,50000
8900,2331,Economic,363,EK-10,10000
8901,2476,Business,90,EK-9,50000
8902,2188,Business,286,EK-5,50000
8903,2947,Business,154,EK-1,50000
8904,2612,Economic,139,EK-2,10000
8905,2737,Business,208,EK-3,50000
8906,2318,First Class,82,EK-10,70000
8907,2933,Economic,301,EK-6,10000
8908,2084,Business,178,EK-1,50000
8909,2554,First Class,30,EK-5,70000
8910,2402,Economic,314,EK-10,10000
8911,2436,Economic,135,EK-6,10000
8912,2944,First Class,69,EK-5,70000
8913,2241,Business,198,EK-7,50000
8914,2516,Economic,35,EK-3,10000
8915,2728,First Class,277,EK-1,70000
8916,2472,Business,204,EK-2,50000
8917,2355,Business,150,EK-1,50000
8918,2996,First Class,371,EK-2,70000
8919,2492,Economic,232,EK-6,10000
8920,2537,Business,67,EK-8,50000
8921,2774,Business,180,EK-10,50000
8922,2190,Business,213,EK-6,50000
8923,2368,First Class,336,EK-1,70000
8924,2750,Business,210,EK-7,50000
8925,2910,Business,173,EK-8,50000
8926,2808,Economic,24,EK-7,10000
8927,2813,First Class,187,EK-8,70000
8928,2654,Business,303,EK-5,50000
8929,2541,Economic,400,EK-7,10000
8930,2112,First Class,165,EK-7,70000
8931,2228,First Class,99,EK-9,70000
8932,2507,Economic,136,EK-7,10000
8933,2325,First Class,316,EK-2,70000
8934,2065,Business,229,EK-7,50000
8935,2382,Economic,247,EK-4,10000
8936,2045,First Class,132,EK-1,70000
8937,2025,Economic,89,EK-1,10000
8938,2075,Business,181,EK-2,50000
8939,2535,Business,320,EK-5,50000
8940,2912,Business,105,EK-6,50000
8941,2887,Economic,198,EK-6,10000
8942,2988,Economic,336,EK-10,10000
8943,2705,First Class,330,EK-2,70000
8944,2447,First Class,1,EK-1,70000
8945,2481,Business,372,EK-5,50000
8946,2638,Business,153,EK-8,50000
8947,2021,Business,105,EK-8,50000
8948,2815,First Class,70,EK-6,70000
8949,2730,Business,254,EK-4,50000
8950,2717,First Class,205,EK-6,70000
8951,2091,Economic,43,EK-8,10000
8952,2329,Business,363,EK-8,50000
8953,2553,Economic,140,EK-3,10000
8954,2242,Business,374,EK-2,50000
8955,2907,Economic,239,EK-1,10000
8956,2601,Business,315,EK-4,50000
8957,2667,First Class,59,EK-1,70000
8958,2748,First Class,1,EK-3,70000
8959,2204,Economic,139,EK-1,10000
8960,2007,Business,40,EK-8,50000
8961,2943,Business,275,EK-9,50000
8962,2965,First Class,395,EK-2,70000
8963,2569,Economic,370,EK-4,10000
8964,2318,Business,122,EK-1,50000
8965,2333,Economic,178,EK-7,10000
8966,2112,Economic,289,EK-10,10000
8967,2868,Economic,340,EK-9,10000
8968,2549,Business,355,EK-6,50000
8969,2351,Business,380,EK-7,50000
8970,2363,First Class,204,EK-3,70000
8971,2029,Business,364,EK-5,50000
8972,2926,Business,96,EK-3,50000
8973,2374,Business,162,EK-3,50000
8974,2595,Business,271,EK-8,50000
8975,2698,First Class,234,EK-2,70000
8976,2698,Business,66,EK-1,50000
8977,2224,Business,101,EK-8,50000
8978,2088,Economic,203,EK-9,10000
8979,2258,Business,179,EK-9,50000
8980,2843,First Class,167,EK-4,70000
8981,2945,First Class,372,EK-1,70000
8982,2184,Economic,100,EK-2,10000
8983,2744,Business,108,EK-2,50000
8984,2570,Business,50,EK-10,50000
8985,2991,Economic,361,EK-8,10000
8986,2159,Business,394,EK-2,50000
8987,2575,Business,317,EK-4,50000
8988,2165,Business,294,EK-3,50000
8989,2174,Economic,37,EK-8,10000
8990,2756,Economic,240,EK-9,10000
8991,2371,Business,108,EK-8,50000
8992,2789,Economic,50,EK-6,10000
8993,2270,Economic,210,EK-6,10000
8994,2418,Economic,238,EK-3,10000
8995,2010,First Class,209,EK-3,70000
8996,2088,Business,194,EK-1,50000
8997,2889,Economic,51,EK-2,10000
8998,2047,Business,99,EK-6,50000
8999,2158,First Class,256,EK-7,70000
9000,2043,Economic,232,EK-5,10000
9001,2846,Business,189,EK-7,50000
9002,2646,Business,121,EK-6,50000
9003,2995,Business,230,EK-9,50000
9004,2435,Business,345,EK-5,50000
9005,2853,Business,304,EK-1,50000
9006,2179,First Class,286,EK-7,70000
9007,2836,First Class,36,EK-5,70000
9008,2589,Economic,206,EK-6,10000
9009,2125,Economic,311,EK-2,10000
9010,2315,First Class,50,EK-3,70000
9011,2483,Economic,278,EK-3,10000
9012,2276,First Class,184,EK-6,70000
9013,2157,Economic,8,EK-6,10000
9014,2577,Economic,121,EK-5,10000
9015,2482,First Class,371,EK-1,70000
9016,2901,Economic,99,EK-7,10000
9017,2763,Business,50,EK-8,50000
9018,2975,Business,207,EK-3,50000
9019,2609,Economic,304,EK-7,10000
9020,2205,Economic,350,EK-10,10000
9021,2363,First Class,166,EK-7,70000
9022,2655,Economic,90,EK-6,10000
9023,2283,Business,10,EK-10,50000
9024,2342,Economic,119,EK-5,10000
9025,2123,Economic,235,EK-6,10000
9026,2587,Economic,165,EK-9,10000
9027,2217,Economic,137,EK-2,10000
9028,2502,Economic,257,EK-5,10000
9029,2019,Economic,375,EK-4,10000
9030,2936,First Class,392,EK-8,70000
9031,2121,Business,19,EK-6,50000
9032,2443,First Class,180,EK-10,70000
9033,2091,Economic,85,EK-6,10000
9034,2757,Business,159,EK-3,50000
9035,2374,Business,123,EK-1,50000
9036,2530,Business,180,EK-9,50000
9037,2557,Economic,292,EK-9,10000
9038,2189,Economic,326,EK-1,10000
9039,2648,Business,326,EK-7,50000
9040,2887,Business,7,EK-7,50000
9041,2215,First Class,399,EK-1,70000
9042,2953,First Class,224,EK-3,70000
9043,2197,First Class,231,EK-2,70000
9044,2694,First Class,77,EK-3,70000
9045,2507,Economic,68,EK-5,10000
9046,2896,First Class,49,EK-10,70000
9047,2590,First Class,220,EK-10,70000
9048,2390,First Class,233,EK-3,70000
9049,2584,Business,144,EK-6,50000
9050,2727,First Class,280,EK-9,70000
9051,2208,Economic,162,EK-9,10000
9052,2685,Business,86,EK-5,50000
9053,2306,Economic,314,EK-2,10000
9054,2201,First Class,38,EK-1,70000
9055,2874,Business,262,EK-4,50000
9056,2864,Economic,199,EK-8,10000
9057,2945,Economic,343,EK-2,10000
9058,2641,Economic,125,EK-3,10000
9059,2916,Economic,287,EK-5,10000
9060,2383,First Class,7,EK-5,70000
9061,2322,Business,249,EK-6,50000
9062,2570,First Class,309,EK-9,70000
9063,2848,Business,218,EK-4,50000
9064,2087,First Class,140,EK-5,70000
9065,2519,Economic,275,EK-8,10000
9066,2749,First Class,279,EK-2,70000
9067,2192,First Class,214,EK-5,70000
9068,2234,Economic,104,EK-5,10000
9069,2437,Business,148,EK-8,50000
9070,2500,Economic,208,EK-6,10000
9071,2109,Business,332,EK-10,50000
9072,2575,First Class,275,EK-2,70000
9073,2475,First Class,251,EK-6,70000
9074,2663,Business,160,EK-4,50000
9075,2923,Business,322,EK-6,50000
9076,2808,Economic,387,EK-2,10000
9077,2442,Economic,231,EK-3,10000
9078,2680,Business,223,EK-7,50000
9079,2496,Economic,74,EK-5,10000
9080,2922,Economic,368,EK-6,10000
9081,2509,Business,192,EK-6,50000
9082,2214,Economic,192,EK-5,10000
9083,2688,First Class,184,EK-8,70000
9084,2819,First Class,22,EK-4,70000
9085,2746,Economic,263,EK-9,10000
9086,2309,Economic,41,EK-7,10000
9087,2044,Economic,344,EK-9,10000
9088,2556,First Class,354,EK-5,70000
9089,2926,First Class,117,EK-2,70000
9090,2739,Business,115,EK-8,50000
9091,2355,Economic,379,EK-8,10000
9092,2721,Business,136,EK-7,50000
9093,2386,Business,84,EK-1,50000
9094,2811,Business,380,EK-5,50000
9095,2501,Business,394,EK-10,50000
9096,2092,First Class,36,EK-3,70000
9097,2479,First Class,389,EK-5,70000
9098,2400,First Class,211,EK-10,70000
9099,2993,First Class,7,EK-9,70000
9100,2777,Economic,253,EK-2,10000
9101,2802,First Class,53,EK-3,70000
9102,2612,Economic,66,EK-10,10000
9103,2094,Business,18,EK-5,50000
9104,2442,First Class,267,EK-1,70000
9105,2268,First Class,203,EK-4,70000
9106,2304,Economic,96,EK-10,10000
9107,2143,Economic,342,EK-9,10000
9108,2469,Business,211,EK-10,50000
9109,2138,First Class,307,EK-4,70000
9110,2351,Economic,82,EK-10,10000
9111,2580,First Class,39,EK-3,70000
9112,2482,Economic,69,EK-10,10000
9113,2785,Economic,296,EK-6,10000
9114,2777,Economic,287,EK-7,10000
9115,2038,Business,102,EK-4,50000
9116,2778,Economic,276,EK-6,10000
9117,2214,Business,322,EK-1,50000
9118,2275,First Class,240,EK-2,70000
9119,2086,First Class,296,EK-6,70000
9120,2333,Economic,318,EK-10,10000
9121,2388,First Class,13,EK-9,70000
9122,2023,Business,193,EK-5,50000
9123,2358,Business,31,EK-1,50000
9124,2600,First Class,28,EK-9,70000
9125,2316,First Class,384,EK-9,70000
9126,2617,First Class,152,EK-7,70000
9127,2803,Business,121,EK-7,50000
9128,2301,Business,345,EK-6,50000
9129,2035,Business,261,EK-2,50000
9130,2873,First Class,7,EK-1,70000
9131,2064,Economic,348,EK-4,10000
9132,2222,Business,200,EK-9,50000
9133,2839,Business,382,EK-5,50000
9134,2251,Economic,254,EK-2,10000
9135,2719,Economic,237,EK-3,10000
9136,2797,Business,24,EK-7,50000
9137,2637,Economic,287,EK-7,10000
9138,2908,Business,394,EK-9,50000
9139,2909,Business,77,EK-5,50000
9140,2939,First Class,378,EK-9,70000
9141,2107,Business,336,EK-8,50000
9142,2268,Economic,269,EK-7,10000
9143,2774,Economic,157,EK-4,10000
9144,2973,First Class,346,EK-9,70000
9145,2947,Business,8,EK-8,50000
9146,2815,Business,393,EK-5,50000
9147,2771,Business,316,EK-6,50000
9148,2407,Economic,121,EK-7,10000
9149,2339,Economic,66,EK-6,10000
9150,2721,First Class,153,EK-3,70000
9151,2678,Economic,5,EK-1,10000
9152,2276,Economic,212,EK-9,10000
9153,2070,Economic,216,EK-7,10000
9154,2039,Economic,390,EK-4,10000
9155,2869,Economic,10,EK-2,10000
9156,2884,First Class,290,EK-3,70000
9157,2873,First Class,86,EK-10,70000
9158,2285,Business,168,EK-5,50000
9159,2547,Business,70,EK-9,50000
9160,2851,Economic,137,EK-5,10000
9161,2532,First Class,378,EK-9,70000
9162,2490,Economic,322,EK-2,10000
9163,2016,First Class,258,EK-3,70000
9164,2887,First Class,185,EK-6,70000
9165,2206,Business,133,EK-1,50000
9166,2304,First Class,326,EK-2,70000
9167,2958,Economic,248,EK-5,10000
9168,2253,First Class,310,EK-5,70000
9169,2503,First Class,159,EK-3,70000
9170,2728,Business,334,EK-7,50000
9171,2866,Business,373,EK-8,50000
9172,2682,First Class,245,EK-5,70000
9173,2407,Economic,293,EK-6,10000
9174,2908,Economic,278,EK-2,10000
9175,2527,Business,287,EK-1,50000
9176,2127,Business,250,EK-1,50000
9177,2381,Business,23,EK-4,50000
9178,2996,Business,266,EK-5,50000
9179,2043,Business,49,EK-5,50000
9180,2235,Economic,130,EK-3,10000
9181,2556,Economic,389,EK-9,10000
9182,2729,First Class,323,EK-9,70000
9183,2803,Economic,258,EK-8,10000
9184,2125,First Class,292,EK-7,70000
9185,2673,Business,112,EK-10,50000
9186,2915,Economic,374,EK-1,10000
9187,2292,First Class,222,EK-4,70000
9188,2073,First Class,159,EK-7,70000
9189,2582,Business,266,EK-10,50000
9190,2556,Business,12,EK-6,50000
9191,2592,Economic,23,EK-9,10000
9192,2809,Business,171,EK-4,50000
9193,2870,Economic,58,EK-3,10000
9194,2735,Business,57,EK-7,50000
9195,2007,Business,228,EK-8,50000
9196,2723,Economic,222,EK-5,10000
9197,2619,Economic,237,EK-10,10000
9198,2577,Economic,314,EK-4,10000
9199,2902,First Class,247,EK-8,70000
9200,2796,Business,100,EK-6,50000
9201,2088,First Class,369,EK-8,70000
9202,2218,Economic,380,EK-1,10000
9203,2108,Business,273,EK-10,50000
9204,2868,Business,100,EK-5,50000
9205,2550,First Class,315,EK-5,70000
9206,2258,Business,144,EK-2,50000
9207,2211,First Class,48,EK-4,70000
9208,2980,Business,306,EK-6,50000
9209,2282,First Class,227,EK-2,70000
9210,2431,First Class,296,EK-10,70000
9211,2678,Business,140,EK-7,50000
9212,2413,First Class,358,EK-2,70000
9213,2026,First Class,168,EK-6,70000
9214,2722,Business,124,EK-5,50000
9215,2663,First Class,352,EK-5,70000
9216,2154,First Class,107,EK-10,70000
9217,2181,Economic,54,EK-3,10000
9218,2599,Business,325,EK-6,50000
9219,2045,First Class,42,EK-1,70000
9220,2001,Business,365,EK-10,50000
9221,2569,Business,151,EK-3,50000
9222,2889,First Class,50,EK-4,70000
9223,2495,First Class,149,EK-8,70000
9224,2947,Business,97,EK-3,50000
9225,2149,First Class,127,EK-10,70000
9226,2113,First Class,251,EK-9,70000
9227,2116,First Class,286,EK-9,70000
9228,2886,Economic,87,EK-5,10000
9229,2127,Economic,12,EK-5,10000
9230,2895,First Class,36,EK-3,70000
9231,2198,Economic,197,EK-5,10000
9232,2489,Economic,362,EK-9,10000
9233,2745,Business,362,EK-4,50000
9234,2858,Economic,62,EK-8,10000
9235,2430,First Class,339,EK-6,70000
9236,2728,First Class,257,EK-9,70000
9237,2490,Business,126,EK-8,50000
9238,2609,Economic,238,EK-5,10000
9239,2163,Business,162,EK-8,50000
9240,2852,First Class,94,EK-1,70000
9241,2387,First Class,89,EK-10,70000
9242,2845,Economic,136,EK-1,10000
9243,2441,Business,10,EK-2,50000
9244,2461,First Class,193,EK-6,70000
9245,2835,Economic,322,EK-2,10000
9246,2767,Economic,347,EK-10,10000
9247,2474,First Class,381,EK-3,70000
9248,2066,Economic,337,EK-2,10000
9249,2163,First Class,59,EK-1,70000
9250,2888,Business,82,EK-3,50000
9251,2952,Business,105,EK-10,50000
9252,2353,Economic,236,EK-5,10000
9253,2358,Business,360,EK-5,50000
9254,2448,Business,372,EK-6,50000
9255,2110,Economic,8,EK-5,10000
9256,2676,Business,215,EK-4,50000
9257,2259,Economic,323,EK-4,10000
9258,2053,Business,396,EK-7,50000
9259,2419,Business,255,EK-4,50000
9260,2865,Business,325,EK-4,50000
9261,2913,First Class,192,EK-5,70000
9262,2607,Business,384,EK-6,50000
9263,2716,Business,291,EK-2,50000
9264,2858,Economic,303,EK-2,10000
9265,2206,First Class,207,EK-2,70000
9266,2988,Economic,20,EK-4,10000
9267,2343,First Class,71,EK-8,70000
9268,2918,Business,115,EK-9,50000
9269,2513,Business,147,EK-8,50000
9270,2567,Business,328,EK-10,50000
9271,2114,Economic,333,EK-9,10000
9272,2045,Economic,31,EK-2,10000
9273,2246,First Class,148,EK-5,70000
9274,2542,Business,32,EK-6,50000
9275,2605,Business,101,EK-9,50000
9276,2076,First Class,16,EK-3,70000
9277,2163,Economic,40,EK-1,10000
9278,2091,Economic,235,EK-5,10000
9279,2278,First Class,14,EK-9,70000
9280,2308,Economic,307,EK-2,10000
9281,2867,First Class,31,EK-3,70000
9282,2415,Economic,267,EK-10,10000
9283,2710,Business,259,EK-9,50000
9284,2502,First Class,178,EK-1,70000
9285,2191,Business,277,EK-9,50000
9286,2805,First Class,315,EK-8,70000
9287,2584,Economic,369,EK-2,10000
9288,2712,Economic,358,EK-4,10000
9289,2070,First Class,249,EK-2,70000
9290,2776,First Class,132,EK-8,70000
9291,2653,Economic,89,EK-3,10000
9292,2387,First Class,72,EK-10,70000
9293,2559,Business,5,EK-6,50000
9294,2661,Business,167,EK-4,50000
9295,2775,First Class,120,EK-8,70000
9296,2867,Business,101,EK-1,50000
9297,2878,Economic,193,EK-8,10000
9298,2268,First Class,308,EK-8,70000
9299,2306,Economic,170,EK-4,10000
9300,2409,Business,43,EK-2,50000
9301,2573,Economic,289,EK-2,10000
9302,2963,Economic,47,EK-1,10000
9303,2036,First Class,368,EK-7,70000
9304,2430,Economic,368,EK-1,10000
9305,2644,Economic,222,EK-5,10000
9306,2621,First Class,388,EK-10,70000
9307,2653,First Class,52,EK-1,70000
9308,2405,Business,356,EK-8,50000
9309,2475,Business,334,EK-8,50000
9310,2440,First Class,374,EK-8,70000
9311,2061,Economic,149,EK-2,10000
9312,2128,Economic,35,EK-9,10000
9313,2667,Business,2,EK-10,50000
9314,2977,First Class,3,EK-5,70000
9315,2032,First Class,276,EK-5,70000
9316,2678,Economic,9,EK-4,10000
9317,2261,Economic,47,EK-3,10000
9318,2706,Economic,70,EK-5,10000
9319,2665,Business,183,EK-7,50000
9320,2136,First Class,246,EK-1,70000
9321,2118,First Class,9,EK-10,70000
9322,2483,Economic,255,EK-3,10000
9323,2380,Business,218,EK-4,50000
9324,2359,Business,110,EK-3,50000
9325,2722,First Class,154,EK-8,70000
9326,2743,Economic,76,EK-8,10000
9327,2274,Business,394,EK-1,50000
9328,2334,First Class,329,EK-4,70000
9329,2267,Economic,47,EK-4,10000
9330,2993,Economic,184,EK-5,10000
9331,2114,Business,38,EK-10,50000
9332,2786,Economic,237,EK-10,10000
9333,2666,Economic,309,EK-5,10000
9334,2117,Business,128,EK-8,50000
9335,2793,Economic,24,EK-6,10000
9336,2705,Business,328,EK-6,50000
9337,2297,Business,272,EK-7,50000
9338,2442,Business,60,EK-4,50000
9339,2091,First Class,28,EK-1,70000
9340,2621,First Class,53,EK-2,70000
9341,2893,First Class,385,EK-6,70000
9342,2785,Economic,296,EK-10,10000
9343,2946,Economic,67,EK-6,10000
9344,2441,Business,189,EK-8,50000
9345,2351,First Class,60,EK-1,70000
9346,2416,Business,387,EK-6,50000
9347,2998,First Class,320,EK-10,70000
9348,2728,Economic,274,EK-3,10000
9349,2309,Business,217,EK-1,50000
